STEP;C11;NP;OCB;OCC;OCN;OCQ;ONC;OQL;TOTAL
0;2026.9921875;0.0;2078.343505859375;23349.009765625;1936.2122802734375;7241.01416015625;11640.3564453125;20667.4609375;68938.8984375
1;2159.110107421875;0.4706658720970154;2279.399169921875;22109.234375;1779.0615234375;7514.6953125;11398.7568359375;22321.099609375;69561.3984375
2;2226.526123046875;0.0;2065.056396484375;22393.9375;1951.83349609375;7260.2734375;10805.1279296875;20759.3359375;67461.5625
3;1962.731201171875;0.0;2344.152587890625;22760.63671875;1873.5924072265625;7099.34912109375;12041.4296875;21379.3671875;69460.953125
4;2148.15625;0.0;2139.031982421875;23282.388671875;1967.1409912109375;7189.658203125;11697.1865234375;21235.001953125;69658.2421875
5;2111.467529296875;0.0;2215.245361328125;22983.89453125;1901.130615234375;6719.7451171875;11755.1064453125;21128.87890625;68815.109375
6;1965.3548583984375;0.0;1870.7252197265625;23414.236328125;1998.213134765625;7052.4599609375;11703.4833984375;21048.81640625;69052.8125
7;1607.586669921875;0.0;2122.822509765625;23389.052734375;2026.3800048828125;7086.2861328125;12299.6572265625;20566.837890625;69098.296875
8;1732.4356689453125;0.0;2214.809814453125;22727.923828125;1922.828369140625;7152.51025390625;11548.5625;20343.708984375;67642.1640625
9;1816.5596923828125;0.0;2014.6126708984375;22986.77734375;1843.376953125;6602.36962890625;11865.94140625;19488.5859375;66617.90625
10;1570.6630859375;1.1766647100448608;2053.994140625;23093.455078125;2061.703369140625;7019.37109375;11912.7451171875;19341.982421875;67054.6171875
11;1676.146728515625;0.0;2164.2236328125;23143.703125;2119.17529296875;6703.8212890625;11876.287109375;18755.1015625;66437.9921875
12;1517.85302734375;0.0;2138.101806640625;23372.193359375;2332.332763671875;6520.87939453125;11315.7373046875;18842.66015625;66039.5
13;1623.29541015625;0.0;2022.5980224609375;24195.947265625;2096.783447265625;6688.794921875;11936.236328125;19060.947265625;67624.28125
14;1439.200439453125;0.0;1805.9388427734375;22662.443359375;1986.9322509765625;6577.064453125;12102.01171875;18863.0703125;65436.078125
15;1645.18115234375;0.0;2040.2955322265625;23726.70703125;2253.411865234375;6864.37158203125;12211.9560546875;18650.904296875;67392.28125
16;1411.3072509765625;0.0;2186.51611328125;24486.86328125;2043.05126953125;6400.103515625;12715.37109375;18938.955078125;68181.78125
17;1514.8115234375;0.0;1857.260498046875;23765.615234375;1869.5972900390625;6718.24658203125;11877.8173828125;19110.8046875;66713.390625
18;1524.421630859375;0.0;1747.2640380859375;22439.8203125;2049.2900390625;6420.43408203125;11834.966796875;19257.98828125;65273.64453125
19;1342.8377685546875;0.0;1907.3436279296875;22986.658203125;2226.32666015625;6687.06884765625;12212.37890625;18861.232421875;66223.421875
20;1419.6900634765625;0.7059987783432007;1917.4407958984375;23524.171875;2137.828369140625;6519.6962890625;11996.8623046875;19049.380859375;66565.3359375
21;1375.8079833984375;0.0;1798.221435546875;23049.384765625;2119.120361328125;6331.244140625;12038.208984375;19561.50390625;66273.1484375
22;1206.9521484375;0.0;1523.109130859375;22264.740234375;2014.7689208984375;6614.6728515625;12195.806640625;19481.470703125;65301.08203125
23;1218.021728515625;0.0;1736.0245361328125;22884.08984375;2113.938720703125;6264.76025390625;12406.48046875;18741.779296875;65364.7265625
24;1290.0238037109375;0.0;1840.3536376953125;23290.736328125;1874.09814453125;6433.30078125;12067.634765625;19719.126953125;66514.7109375
25;1199.356201171875;0.0;1778.0498046875;22785.806640625;1917.168701171875;6663.5009765625;12128.92578125;19036.30078125;65508.51171875
26;1279.3759765625;0.0;1732.375732421875;22448.1171875;1952.9346923828125;6010.27099609375;11820.0068359375;18615.38671875;63858.05078125
27;1167.52392578125;0.0;1663.9754638671875;22878.61328125;2100.895263671875;5983.75927734375;12064.734375;18279.5078125;64138.53515625
28;1494.4085693359375;0.0;1930.3253173828125;24158.365234375;1937.513427734375;6131.767578125;11995.5966796875;18542.173828125;66189.5625
29;1559.6602783203125;0.0;1942.6552734375;23497.0;1956.5419921875;6485.83349609375;12349.9716796875;17921.236328125;65712.453125
30;1676.6995849609375;0.4706658720970154;1818.2796630859375;23088.88671875;2305.777587890625;6257.00341796875;12159.21484375;17615.654296875;64921.3671875
31;1767.1103515625;0.0;1812.087158203125;24109.998046875;2253.103515625;6335.0712890625;12403.0849609375;17421.7265625;66101.5234375
32;1514.935546875;0.0;1820.70751953125;23247.69140625;2115.27294921875;6182.46435546875;12565.8251953125;17598.498046875;65045.01171875
33;1482.97802734375;0.0;2054.825927734375;23011.931640625;2294.632568359375;6295.5595703125;12486.7080078125;17839.1171875;65465.296875
34;1530.7113037109375;0.0;1849.220703125;23635.994140625;2283.391357421875;6192.49951171875;12214.576171875;18074.283203125;65780.2734375
35;1347.295166015625;0.0;1725.8953857421875;21980.4296875;2412.61669921875;6226.8095703125;12344.8994140625;17326.53125;63364.21484375
36;1429.9464111328125;0.0;1978.8955078125;23253.302734375;2306.975830078125;5819.21435546875;11767.734375;16681.75;63237.55859375
37;1362.69384765625;0.9413317441940308;2000.2650146484375;23046.03125;2133.25927734375;5922.82470703125;12246.80859375;16596.6015625;63309.07421875
38;1390.5771484375;0.0;1909.7738037109375;23621.681640625;2284.7626953125;5778.70458984375;12509.2314453125;17064.658203125;64559.015625
39;1287.55712890625;0.0;1919.1376953125;23499.845703125;2057.137939453125;6238.87841796875;12269.1689453125;16476.810546875;63748.1875
40;1473.099365234375;0.0;1751.8521728515625;23241.6484375;2055.350341796875;5977.75439453125;11865.5751953125;16898.18359375;63263.03515625
41;1242.2908935546875;0.0;1788.69580078125;23788.91796875;2258.744140625;5814.73828125;12657.677734375;16539.107421875;64089.8046875
42;1315.361083984375;0.0;1908.447021484375;24842.99609375;2456.0693359375;5906.27490234375;12570.9912109375;16400.76171875;65400.57421875
43;1244.1695556640625;0.0;1858.2442626953125;23699.767578125;2175.4052734375;5851.6083984375;12485.2724609375;16539.40234375;63853.28125
44;1160.3304443359375;0.0;1739.4290771484375;23804.154296875;2043.48779296875;5556.31787109375;12565.189453125;16813.029296875;63681.43359375
45;1003.4932861328125;0.0;1763.32373046875;23582.578125;2484.64794921875;6179.9755859375;12859.58203125;16194.9033203125;64068.0859375
46;995.1298828125;0.0;1729.7091064453125;24200.7890625;2292.214599609375;5780.26708984375;12939.1044921875;16643.68359375;64580.44921875
47;1010.8833618164063;0.0;1798.3201904296875;24088.330078125;2372.6201171875;5851.25390625;12729.65625;16129.744140625;63980.56640625
48;1166.6453857421875;0.0;1934.3389892578125;23691.41015625;2544.625732421875;5950.984375;12932.2490234375;16167.8525390625;64387.66015625
49;1088.30029296875;0.7059987783432007;1748.8135986328125;23905.23046875;2135.44677734375;5752.71923828125;12556.3193359375;15706.521484375;62893.53515625
50;1030.775634765625;0.0;1761.7042236328125;23893.740234375;2379.529541015625;5771.80859375;12682.22265625;15486.0400390625;63005.375
51;1005.9735107421875;0.4706658720970154;1833.6142578125;23603.900390625;2330.875732421875;6294.38134765625;13019.591796875;15736.3623046875;63824.78515625
52;1048.29833984375;0.0;1802.937255859375;23398.318359375;2209.998046875;6016.4716796875;12819.3330078125;15432.5029296875;62727.45703125
53;991.2225341796875;0.0;1862.453125;24337.630859375;2223.575439453125;5862.91064453125;13425.9443359375;16086.5537109375;64789.93359375
54;1066.53515625;0.0;1779.10888671875;23591.068359375;2334.98974609375;5899.00732421875;12805.7294921875;15924.095703125;63400.09375
55;1049.20361328125;0.0;1748.1524658203125;23358.755859375;2411.5341796875;5910.68603515625;12743.8779296875;16278.201171875;63499.99609375
56;876.86669921875;0.0;1657.6749267578125;23354.166015625;2525.084716796875;5713.587890625;12338.5537109375;16067.9033203125;62533.54296875
57;1131.7838134765625;0.0;1899.64306640625;23763.056640625;2012.578369140625;5738.83447265625;12895.7255859375;15464.638671875;62905.78125
58;1038.9193115234375;0.0;1871.4100341796875;23780.572265625;2207.5166015625;5907.6982421875;12964.125;15392.953125;63162.78515625
59;1142.4183349609375;0.0;1792.1767578125;23962.515625;2652.762939453125;6055.80029296875;12774.74609375;15159.5888671875;63539.62890625
60;1238.4495849609375;0.0;1837.6971435546875;23985.171875;2467.881103515625;5879.705078125;12655.951171875;15308.041015625;63372.63671875
61;1156.8616943359375;0.0;1868.046630859375;24104.619140625;2445.563232421875;5852.353515625;12578.0634765625;15305.2626953125;63310.3203125
62;1062.6876220703125;0.0;1835.9814453125;24101.755859375;2245.63330078125;5866.01123046875;12198.765625;15440.4833984375;62750.96484375
63;1157.0557861328125;0.0;1876.0948486328125;24658.296875;2294.99072265625;6128.36572265625;12299.923828125;15137.451171875;63551.77734375
64;1246.509033203125;0.0;1768.89501953125;23926.4140625;2495.475341796875;5955.19775390625;12625.2412109375;15778.9228515625;63796.2109375
65;1267.1778564453125;0.0;1649.508056640625;24513.41796875;2395.93798828125;6114.3544921875;12519.2314453125;15689.6875;64148.9140625
66;1435.4237060546875;0.0;1975.3682861328125;24836.20703125;2391.484619140625;5990.748046875;12915.5009765625;15595.318359375;65139.69921875
67;1202.9820556640625;0.4706658720970154;2081.8671875;24141.541015625;2167.3447265625;6088.86572265625;12372.76953125;15307.74609375;63363.30859375
68;1018.4330444335938;0.0;1902.93408203125;24137.583984375;2180.018798828125;5734.7197265625;12601.7802734375;15814.81640625;63389.90234375
69;900.69970703125;0.0;1733.938720703125;23698.203125;2177.7275390625;6097.12060546875;12242.533203125;15089.7041015625;61939.53125
70;931.3172607421875;0.0;1677.6884765625;23808.0703125;2211.997802734375;5957.09814453125;12138.4404296875;15264.94921875;61989.00390625
71;1051.1639404296875;0.0;1945.943359375;23612.216796875;2229.931884765625;6495.62890625;12836.8408203125;15346.0146484375;63517.3515625
72;1074.7012939453125;0.0;1870.7584228515625;24393.3203125;2213.00732421875;6170.9619140625;12897.4736328125;15612.0341796875;64231.92578125
73;975.3541259765625;0.7059987783432007;1878.9619140625;24078.685546875;2391.79833984375;5680.6220703125;12569.8330078125;14778.71484375;62354.2890625
74;1020.280517578125;0.4706658720970154;1918.1468505859375;24038.294921875;2149.439697265625;5890.51025390625;13092.6083984375;15240.6474609375;63350.0
75;934.12646484375;0.0;1770.239013671875;24344.484375;2153.38427734375;6008.38916015625;12798.8828125;15044.39453125;63053.609375
76;1078.07568359375;0.0;1741.986572265625;25076.56640625;2108.952392578125;5826.513671875;12766.58203125;15195.283203125;63793.71875
77;1061.5465087890625;0.0;1622.6490478515625;24433.35546875;2162.95947265625;5699.19482421875;12923.8544921875;15233.5126953125;63136.703125
78;849.398193359375;0.0;1599.9210205078125;24144.955078125;2260.38330078125;5995.0205078125;12213.7958984375;15891.224609375;62954.3671875
79;949.077880859375;0.0;1886.6024169921875;23835.439453125;2267.796875;5832.84423828125;12703.5439453125;15783.310546875;63258.28125
80;1079.2689208984375;0.0;1792.98974609375;23269.326171875;2098.927978515625;5984.7919921875;11986.8955078125;14793.4736328125;61005.28515625
81;944.5746459960938;0.0;1762.9696044921875;23012.47265625;2033.982177734375;5972.4052734375;12319.365234375;15404.0498046875;61449.5859375
82;908.5375366210938;0.0;1780.658203125;24706.20703125;1937.02587890625;5817.58740234375;12738.923828125;15277.3408203125;63165.90234375
83;964.9482421875;0.0;1931.5938720703125;24127.978515625;2111.445068359375;5721.3232421875;12727.2900390625;15374.7744140625;62958.7734375
84;959.44873046875;0.2353329360485077;1899.84619140625;24534.650390625;2401.710693359375;5179.20947265625;13090.4951171875;15774.3994140625;63839.421875
85;951.5936889648438;0.0;1841.46533203125;24349.966796875;2219.927734375;5281.17138671875;12929.5048828125;15647.6572265625;63220.71875
86;973.494384765625;0.0;1913.4796142578125;24308.767578125;2324.3310546875;5758.34228515625;12933.4892578125;15439.1162109375;63650.57421875
87;791.62548828125;0.0;2067.112548828125;24301.509765625;2454.462890625;5926.693359375;12815.6376953125;14833.5302734375;63190.12109375
88;831.7467041015625;0.0;1877.547607421875;24178.857421875;2220.150390625;5474.69091796875;12800.26953125;15439.7119140625;62822.63671875
89;774.0384521484375;0.0;2040.6026611328125;24791.76171875;2128.322021484375;6038.544921875;13003.150390625;15181.068359375;63956.95703125
90;977.5960083007813;0.0;1919.902587890625;24559.1875;2267.89892578125;5884.650390625;12507.998046875;15291.4130859375;63408.1328125
91;886.1593017578125;0.0;1905.962890625;24349.3515625;2154.155517578125;5682.95751953125;12569.7236328125;15298.8779296875;62846.8671875
92;930.184814453125;0.0;1825.513916015625;24228.25;2305.875244140625;5889.7294921875;12687.3583984375;15893.3779296875;63759.890625
93;916.5905151367188;0.0;1759.7371826171875;24631.88671875;2421.616455078125;5855.68017578125;12589.2001953125;16153.6025390625;64327.84375
94;828.892578125;0.0;1862.82373046875;24401.35546875;2350.806640625;5906.7265625;12496.037109375;16376.130859375;64222.2578125
95;1081.3455810546875;0.0;2196.166748046875;24765.041015625;2258.8037109375;5942.201171875;13250.669921875;15521.05859375;65014.87890625
96;1211.8636474609375;0.0;2019.0435791015625;24713.74609375;2026.018798828125;5363.69482421875;13380.6806640625;15849.177734375;64563.8046875
97;970.9871826171875;0.0;1941.53125;24210.70703125;2199.103271484375;6130.5361328125;12402.7587890625;15825.30078125;63680.4609375
98;1024.51611328125;0.0;1697.9100341796875;24551.234375;2545.021484375;6082.73779296875;12566.3984375;16097.1748046875;64564.43359375
99;1167.7283935546875;0.0;1936.58349609375;25303.279296875;2526.25048828125;5827.6396484375;12428.615234375;15153.0126953125;64342.703125
100;975.0856323242188;0.0;1986.865966796875;26078.732421875;2291.245849609375;5679.11279296875;12681.1650390625;15520.666015625;65212.2578125
101;1052.2388916015625;0.0;1812.8714599609375;25501.08984375;2263.794921875;5941.64208984375;13169.7841796875;14690.52734375;64431.578125
102;959.6881713867188;1.1766645908355713;1960.7998046875;25467.640625;2491.534423828125;5543.27392578125;13543.3720703125;14532.5263671875;64499.50390625
103;1146.265869140625;0.0;1872.4559326171875;25750.162109375;2636.950927734375;5727.7197265625;13195.7099609375;14885.9189453125;65214.65234375
104;1002.9674682617188;0.0;1674.7569580078125;25152.982421875;2396.62060546875;5575.455078125;13053.2412109375;14913.677734375;63769.3671875
105;965.7366333007813;0.0;2067.635986328125;24466.205078125;2588.113525390625;5805.8486328125;12673.029296875;15660.6552734375;64226.90625
106;1019.2600708007813;0.0;1947.9775390625;24743.837890625;2597.526123046875;6121.30029296875;12502.1259765625;16010.8076171875;64942.58203125
107;918.68359375;0.0;1983.6536865234375;25223.21875;2356.26904296875;5797.30224609375;12634.4853515625;14511.0107421875;63424.2265625
108;1008.8414306640625;0.0;1819.558349609375;25121.572265625;2427.86669921875;6012.5986328125;12632.7333984375;14871.32421875;63894.08203125
109;1115.1241455078125;0.0;1877.6046142578125;24845.029296875;2304.834716796875;5655.22412109375;12294.3583984375;15768.4228515625;63860.3046875
110;1086.8936767578125;0.0;1925.203369140625;25657.158203125;2306.3955078125;5337.15380859375;13157.9140625;15415.0986328125;64885.41796875
111;1002.1387939453125;0.0;2113.07421875;24960.970703125;2332.81298828125;4882.9970703125;12795.560546875;14878.60546875;62965.84765625
112;1015.7793579101563;0.0;2118.865478515625;25280.154296875;2468.575439453125;5879.52197265625;12597.1484375;15014.6689453125;64374.1953125
113;1015.5059814453125;0.0;2234.224609375;25030.982421875;2237.0703125;5735.1611328125;12530.30859375;14995.40625;63778.1640625
114;1113.3272705078125;0.0;2000.771728515625;25595.884765625;2390.98828125;5590.20166015625;12585.42578125;14909.8798828125;64186.08203125
115;1012.4967651367188;0.0;2163.10400390625;25654.0625;2280.049560546875;5497.2666015625;12974.279296875;14655.7158203125;64236.50390625
116;1015.7953491210938;0.2353329360485077;2188.874267578125;24843.638671875;2465.464111328125;5364.5546875;13119.3759765625;14009.5068359375;63006.9609375
117;1010.4664306640625;0.0;2024.0792236328125;24997.5;2036.0562744140625;5263.4375;12355.044921875;14797.091796875;62483.28125
118;900.2740478515625;0.0;1927.94677734375;25225.888671875;2244.559814453125;5908.84033203125;12610.7685546875;14656.5517578125;63474.39453125
119;1162.1923828125;0.0;1935.396240234375;25605.470703125;2315.5576171875;5494.88427734375;12648.1435546875;15013.953125;64175.19140625
120;931.9158325195313;0.0;1905.1041259765625;25296.310546875;2285.1455078125;5192.865234375;12365.0712890625;14846.80859375;62822.79296875
121;1119.576416015625;0.0;1821.7481689453125;25122.060546875;2523.304443359375;5707.41845703125;12514.6611328125;15258.150390625;64066.51171875
122;1083.844970703125;0.0;1948.764892578125;25120.736328125;2512.800537109375;5662.4560546875;12979.322265625;14410.462890625;63718.1171875
123;1091.7777099609375;0.0;1903.2464599609375;24846.54296875;2226.353271484375;5710.49365234375;12316.7490234375;14690.77734375;62785.40625
124;1013.7394409179688;0.0;2047.77294921875;24846.03515625;2558.549072265625;6102.7294921875;12040.3447265625;14871.173828125;63479.83984375
125;1028.784912109375;0.0;1772.2308349609375;24688.615234375;2288.15625;5999.9736328125;12536.2041015625;14933.9384765625;63247.4609375
126;947.8143920898438;0.0;1895.1282958984375;24975.44140625;2124.782958984375;5813.1533203125;12835.9111328125;15146.74609375;63738.63671875
127;985.129150390625;0.0;1939.742431640625;25645.615234375;2252.71240234375;6394.65283203125;12438.6318359375;14541.3232421875;64197.46875
128;976.8956909179688;0.7059987783432007;1954.6405029296875;25763.119140625;2197.79638671875;6103.3505859375;12247.9931640625;14357.5380859375;63601.484375
129;1038.2706298828125;0.2353329360485077;1876.912353515625;24184.349609375;2105.07470703125;5993.0498046875;12499.8388671875;14961.8701171875;62659.1015625
130;1024.4981689453125;0.2353329360485077;1581.3226318359375;24598.76171875;2142.357666015625;6184.6298828125;12757.822265625;14310.5869140625;62599.8046875
131;1030.1275634765625;0.0;1532.995849609375;23795.18359375;2197.064208984375;5879.63818359375;12728.978515625;14198.6259765625;61362.296875
132;1120.6873779296875;2.1179964542388916;1403.241455078125;24761.390625;2431.55126953125;6222.5302734375;12861.0830078125;14467.9716796875;63269.92578125
133;832.4673461914063;0.0;1409.30029296875;25149.1171875;2105.9169921875;6156.111328125;12431.96484375;15205.328125;63289.921875
134;810.8043823242188;0.0;1603.0999755859375;24438.328125;2167.939697265625;5927.2314453125;11934.8271484375;15660.875;62542.62890625
135;954.9628295898438;0.0;1609.30419921875;25036.19140625;2278.767333984375;5813.57373046875;11624.3515625;15133.0810546875;62449.6484375
136;954.4885864257813;0.0;1527.3416748046875;24949.896484375;2356.75341796875;5886.59375;12835.880859375;14594.4599609375;63104.97265625
137;814.9263916015625;0.0;1503.75341796875;24774.83203125;2199.344482421875;5869.89013671875;12543.939453125;14100.2978515625;61806.375
138;828.09130859375;0.0;1605.6710205078125;24731.90234375;2495.919677734375;5709.3603515625;12488.1015625;14241.9638671875;62100.54296875
139;933.8071899414063;0.0;1427.03271484375;25056.939453125;2471.445068359375;5520.31787109375;12415.7021484375;14846.5859375;62671.44921875
140;928.0799560546875;0.2353329360485077;1594.06494140625;24281.712890625;2268.897216796875;5362.6123046875;12729.494140625;14519.810546875;61684.44140625
141;954.5249633789063;0.0;1482.0650634765625;23691.609375;2416.8662109375;5221.99267578125;12515.822265625;14364.375;60646.91796875
142;916.9212036132813;0.0;1612.9765625;24177.484375;2241.7158203125;5377.97802734375;12622.9453125;14658.451171875;61607.99609375
143;807.5130615234375;0.0;1466.263427734375;23654.70703125;2464.041748046875;5423.427734375;13209.896484375;14826.6572265625;61852.3515625
144;869.01171875;0.2353329360485077;1729.760498046875;23351.61328125;2024.38720703125;5846.9326171875;12669.6220703125;14412.7734375;60903.921875
145;919.20361328125;0.0;2027.2801513671875;24354.35546875;2265.5986328125;5188.931640625;12697.5859375;14211.447265625;61663.9296875
146;846.3758544921875;0.0;1662.647705078125;24844.783203125;2349.057861328125;5273.9306640625;12903.14453125;13690.5390625;61570.0234375
147;1025.9400634765625;0.0;1610.49462890625;24506.2265625;2253.141357421875;5124.7197265625;12302.16015625;14801.1728515625;61623.3828125
148;935.4013061523438;0.4706658720970154;1833.3529052734375;23987.033203125;2265.5986328125;5699.38037109375;12515.6015625;14254.9326171875;61491.23046875
149;1102.5467529296875;0.7059987783432007;1822.6558837890625;23981.169921875;2375.99951171875;5720.5263671875;12877.7958984375;14441.7734375;62322.71484375
150;987.7778930664063;0.0;1922.260498046875;24156.951171875;2143.300537109375;5613.7509765625;12628.8173828125;14374.74609375;61827.3671875
151;902.2047119140625;0.0;1536.536376953125;24040.89453125;2156.836669921875;5858.2236328125;12249.150390625;14632.078125;61375.56640625
152;855.6669311523438;0.0;1650.1483154296875;23849.419921875;2027.6539306640625;5603.63330078125;12225.0615234375;14779.5693359375;60990.671875
153;902.0262451171875;0.0;1661.9471435546875;24599.337890625;1968.831787109375;5682.4375;13033.69140625;14556.76171875;62404.69140625
154;1023.8330078125;0.0;1678.21044921875;24402.65625;2186.498291015625;5692.16552734375;13186.85546875;14827.189453125;62997.0390625
155;763.7567138671875;0.0;1721.9599609375;24005.705078125;2192.913818359375;5469.25390625;12381.0458984375;14365.2392578125;60899.62109375
156;939.2632446289063;0.0;1529.89111328125;24079.65234375;2227.388427734375;5904.81591796875;12734.0712890625;14322.4697265625;61737.12109375
157;731.6289672851563;0.0;1665.295166015625;24545.896484375;2081.54541015625;5435.20166015625;12688.4404296875;15184.0029296875;62331.609375
158;894.6734619140625;0.0;1393.8267822265625;24088.37109375;2272.236083984375;6060.763671875;12617.3291015625;15431.361328125;62758.1875
159;783.6580810546875;0.0;1511.7232666015625;23640.990234375;2042.6993408203125;5589.54150390625;12023.4677734375;15253.3974609375;60845.125
160;737.0050659179688;0.0;1386.7774658203125;23869.140625;2173.98486328125;5380.68408203125;12511.5244140625;14833.27734375;60891.87109375
161;815.5097045898438;0.0;1504.0821533203125;24277.248046875;1898.537353515625;5553.26171875;12705.126953125;14282.0185546875;61035.484375
162;1024.4417724609375;0.2353329360485077;1521.0941162109375;24701.00390625;2219.46875;5440.4306640625;12311.9609375;14229.90625;61448.15625
163;887.69677734375;0.0;1602.1397705078125;25487.828125;2353.6474609375;5335.34716796875;12662.994140625;13756.39453125;62085.55078125
164;982.0074462890625;0.0;1532.6478271484375;24259.521484375;2171.85205078125;5438.34033203125;12189.77734375;14034.0322265625;60607.69921875
165;945.7498779296875;0.0;1531.489013671875;25181.9140625;2306.977783203125;5700.357421875;12377.5703125;14198.85546875;62242.37890625
166;990.8502197265625;0.0;1648.403076171875;23883.669921875;2367.03857421875;5551.33349609375;12304.916015625;14129.9189453125;60875.86328125
167;956.3148803710938;0.0;1911.1380615234375;24138.517578125;2100.199951171875;5516.3603515625;12728.65625;13504.73046875;60855.5390625
168;1005.3817749023438;0.0;2016.6094970703125;24004.31640625;2160.181396484375;5517.0693359375;12580.73046875;13970.61328125;61254.76171875
169;942.3452758789063;0.0;1938.315185546875;23942.107421875;2219.773681640625;5551.87890625;12391.69140625;13486.296875;60472.05078125
170;986.852783203125;0.0;1530.5340576171875;24549.853515625;2176.820068359375;5863.33447265625;13098.8671875;13480.869140625;61686.82421875
171;798.2059326171875;0.0;1514.5994873046875;24310.216796875;2177.698486328125;6157.97314453125;12678.7392578125;13652.6826171875;61289.6875
172;870.9288330078125;0.0;1707.431640625;23896.693359375;2151.08203125;5624.91650390625;13014.7275390625;13660.46875;60925.765625
173;927.1024780273438;0.0;1802.5469970703125;23731.810546875;2274.42041015625;5732.2978515625;12776.701171875;13701.0849609375;60945.58984375
174;1096.05908203125;0.0;1840.180908203125;23326.9609375;2367.212158203125;5962.01806640625;12819.2177734375;13855.478515625;61266.81640625
175;875.8363647460938;0.0;1838.7169189453125;23533.548828125;2275.082763671875;5727.0810546875;12870.5048828125;13777.7802734375;60898.31640625
176;1103.2255859375;0.0;1974.4991455078125;24023.21484375;2290.86474609375;5596.83935546875;12957.8623046875;13606.8369140625;61553.03515625
177;973.6072387695313;0.0;1901.1221923828125;23682.568359375;2280.1806640625;5729.107421875;12427.7568359375;14023.564453125;61017.53125
178;897.9346313476563;0.0;1890.4798583984375;23990.326171875;2362.887451171875;5732.138671875;12125.8046875;13657.3583984375;60656.703125
179;1014.563232421875;0.0;1849.294677734375;23746.404296875;2336.393798828125;5834.95263671875;12368.4775390625;14408.5771484375;61558.31640625
180;953.51953125;0.0;1713.30517578125;23097.51953125;2180.247314453125;5793.88037109375;12962.7314453125;14874.451171875;61575.39453125
181;1039.1788330078125;0.0;1623.425048828125;23539.22265625;2302.40478515625;5869.529296875;13251.2939453125;14484.8798828125;62109.4453125
182;1098.7838134765625;0.9413317441940308;1703.0372314453125;23861.001953125;2062.068115234375;6154.79296875;12610.7626953125;15023.9921875;62514.9375
183;1007.2208862304688;0.0;1628.413330078125;23718.716796875;2112.2001953125;5889.7421875;12746.9716796875;15194.0595703125;62296.828125
184;995.935546875;0.0;1766.341064453125;23843.5;2470.77490234375;5600.56884765625;12959.1279296875;14833.583984375;62469.5234375
185;897.9130249023438;0.0;1820.1888427734375;24009.404296875;2191.36865234375;5966.94189453125;13018.0927734375;14682.0849609375;62585.5390625
186;891.876953125;0.0;1665.25537109375;24008.826171875;2291.11328125;6103.10595703125;12770.1953125;14581.7373046875;62311.734375
187;864.6036376953125;0.0;1893.23583984375;23423.255859375;2478.855224609375;5832.0146484375;13215.3076171875;14569.3623046875;62276.2421875
188;781.592041015625;0.0;1842.593017578125;22907.916015625;2105.638916015625;5965.65869140625;12909.9755859375;13776.7568359375;60289.69921875
189;687.7027587890625;0.0;1676.7156982421875;23760.98046875;2217.6240234375;6015.826171875;12173.53515625;14098.40625;60630.31640625
190;896.490234375;0.0;1896.721923828125;23356.755859375;2286.61962890625;5681.12939453125;12862.11328125;14763.126953125;61742.5546875
191;861.6424560546875;0.0;1949.8199462890625;23016.83203125;2375.798828125;5891.53564453125;13289.7626953125;13885.9970703125;61271.01171875
192;919.5557250976563;0.0;1819.778564453125;23304.5859375;1896.7154541015625;6129.8642578125;13207.1103515625;13872.28125;61149.4921875
193;827.2686767578125;0.0;1710.10595703125;23511.04296875;2111.063232421875;5783.86279296875;12467.986328125;13923.130859375;60334.15234375
194;791.3370361328125;0.0;1501.0701904296875;23381.205078125;2178.467529296875;6007.5537109375;12929.916015625;14260.525390625;61049.5859375
195;711.3889770507813;0.0;1584.9176025390625;23629.056640625;2303.38232421875;5727.154296875;13594.3232421875;14242.1943359375;61792.20703125
196;810.813720703125;0.0;1702.4119873046875;23592.779296875;2211.964599609375;5951.28759765625;13017.13671875;13876.595703125;61162.703125
197;993.563232421875;0.0;1771.5147705078125;24099.79296875;2140.581298828125;5894.2119140625;12124.08203125;13659.8330078125;60683.0625
198;767.6327514648438;0.0;1637.6485595703125;23836.123046875;2435.06982421875;5893.7392578125;12853.869140625;13318.533203125;60742.38671875
199;787.0745239257813;0.0;1919.645751953125;24456.482421875;2119.60400390625;5765.23974609375;12493.9619140625;12815.2216796875;60356.66015625
200;809.8513793945313;0.0;1859.692138671875;24251.572265625;2153.620849609375;5596.34375;12970.25;13250.1044921875;60891.09375
201;856.37353515625;0.0;1920.9007568359375;24584.55859375;2447.0439453125;5790.8876953125;13251.9501953125;12862.60546875;61713.9921875
202;780.4205932617188;0.0;1640.02490234375;23969.4296875;2273.587890625;5505.00390625;12647.8505859375;12706.671875;59522.4296875
203;1018.1581420898438;0.0;1814.017333984375;24324.30078125;2440.831298828125;5180.67236328125;12534.8916015625;13678.6845703125;60991.12890625
204;777.1939697265625;0.0;1923.8704833984375;24330.580078125;2522.95166015625;5644.54150390625;12863.0703125;12882.5263671875;60944.3203125
205;797.4864501953125;0.0;2022.585205078125;24387.5859375;2390.119140625;5749.146484375;12341.19140625;13175.1767578125;60862.85546875
206;904.9724731445313;0.0;1728.525146484375;24823.8359375;2181.99462890625;5714.53662109375;12291.9765625;13486.755859375;61132.1796875
207;872.9357299804688;0.0;1707.0037841796875;25304.826171875;2191.388427734375;5864.64501953125;12386.5595703125;12950.642578125;61277.55859375
208;823.4539794921875;0.0;1886.170654296875;24538.845703125;2038.8065185546875;6023.88623046875;13133.744140625;12976.4912109375;61421.0078125
209;779.0748291015625;0.0;1611.8472900390625;24559.44140625;2206.668212890625;5834.76123046875;13261.869140625;12865.7392578125;61118.73828125
210;831.4232788085938;0.0;1576.5162353515625;24506.126953125;2169.644287109375;5915.27490234375;12901.79296875;12934.7705078125;60835.1796875
211;750.116943359375;0.0;1671.3873291015625;25152.62890625;2308.523681640625;5540.77783203125;12569.890625;13063.7412109375;61056.6796875
212;850.812744140625;0.0;1808.8646240234375;24691.28515625;2187.168701171875;5267.36181640625;12124.8955078125;13775.125;60705.2265625
213;925.140625;0.0;1840.7069091796875;26234.869140625;2174.908447265625;5636.2314453125;12487.216796875;14494.7099609375;63793.30078125
214;902.415283203125;0.0;1734.780029296875;24672.087890625;2120.92431640625;6086.15625;12610.6396484375;13703.294921875;61829.94921875
215;1033.679931640625;0.0;1780.4947509765625;25107.244140625;1989.09423828125;5523.056640625;12288.7060546875;13759.7626953125;61481.84375
216;1013.2930908203125;0.0;1890.8687744140625;24528.515625;2127.822509765625;5441.6484375;12314.1962890625;13924.4375;61240.375
217;997.6939697265625;0.0;1769.8214111328125;25179.529296875;1750.698974609375;5316.40771484375;12110.240234375;13994.0654296875;61117.90625
218;1076.402099609375;0.0;1765.804931640625;25239.462890625;2089.07470703125;5248.14013671875;12928.5087890625;13655.5341796875;62002.328125
219;1069.650390625;0.0;1913.337890625;24541.513671875;2082.091796875;5188.60107421875;12297.76953125;13473.25;60565.8125
220;853.9943237304688;0.0;1693.3779296875;24454.720703125;2127.467529296875;5175.5634765625;13055.4736328125;13279.9638671875;60640.1796875
221;913.3750610351563;0.0;1801.342041015625;24848.333984375;2213.13623046875;5307.9013671875;12075.4677734375;13119.3828125;60278.4921875
222;863.00830078125;0.0;1642.13623046875;25201.0859375;2046.5018310546875;5493.28271484375;12263.9287109375;13409.080078125;60918.625
223;812.2808837890625;0.0;1772.3302001953125;23956.923828125;2358.73486328125;5507.11279296875;12915.130859375;13634.173828125;60956.30859375
224;859.6619873046875;0.0;1588.6068115234375;24700.888671875;2071.258056640625;5251.3857421875;12035.8974609375;13880.9580078125;60388.1875
225;764.82373046875;0.0;1643.15673828125;24037.98828125;2110.375244140625;5344.17529296875;12480.8798828125;14085.7490234375;60466.80859375
226;845.1439208984375;0.0;1600.21630859375;23706.71875;2142.521728515625;5314.90576171875;12455.8486328125;14092.3662109375;60157.42578125
227;763.615478515625;0.0;1617.390380859375;23746.62109375;2311.522216796875;5614.83837890625;12903.1328125;14279.4130859375;61236.09375
228;791.4368896484375;0.0;1290.5745849609375;24137.439453125;2211.994140625;5599.35986328125;11888.5322265625;13761.4736328125;59680.2734375
229;826.4808349609375;0.0;1479.1611328125;24525.81640625;2060.47998046875;5166.84033203125;12467.443359375;13695.3310546875;60221.28125
230;853.6978149414063;0.0;1484.2037353515625;23998.037109375;1916.5562744140625;5149.58837890625;12256.6318359375;13350.5927734375;59008.98828125
231;838.84033203125;0.0;1356.8895263671875;24652.177734375;1980.12890625;5682.40087890625;12415.216796875;13092.1962890625;60017.6484375
232;726.2726440429688;0.0;1597.4674072265625;24450.099609375;2436.47705078125;5573.89111328125;13361.564453125;13505.26171875;61650.46484375
233;693.7020263671875;0.0;1515.32861328125;24031.130859375;2274.94140625;5338.67138671875;12770.61328125;12825.87109375;59450.05078125
234;830.7281494140625;0.0;1432.697265625;24854.912109375;2187.166748046875;4916.06884765625;12549.28125;13081.1689453125;59851.55078125
235;737.9007568359375;0.0;1529.7259521484375;25284.037109375;2390.0615234375;5184.82861328125;12369.9462890625;12877.1337890625;60373.26953125
236;776.7921142578125;0.2353329360485077;1501.334716796875;25216.77734375;2371.96240234375;4825.60009765625;12295.6123046875;13011.7919921875;59999.546875
237;919.2844848632813;0.0;1575.9644775390625;25069.24609375;2487.880615234375;4976.46875;12501.1533203125;12715.2587890625;60244.80078125
238;659.4312744140625;0.0;1630.0697021484375;25196.72265625;2348.59814453125;5356.0478515625;12776.072265625;13512.2197265625;61478.765625
239;678.499267578125;0.0;1819.5838623046875;24703.931640625;2217.94873046875;5531.900390625;13256.8017578125;13318.943359375;61527.33203125
240;758.2711791992188;0.0;1743.9696044921875;24961.96484375;2310.4404296875;5647.0078125;12882.599609375;13236.83203125;61540.5390625
241;791.8568725585938;0.0;1616.1556396484375;24920.064453125;2133.18359375;5404.939453125;13340.986328125;13255.974609375;61462.65234375
242;810.078125;0.0;1688.03564453125;23659.642578125;2714.556884765625;6010.53173828125;12292.1259765625;13492.966796875;60667.52734375
243;807.2696533203125;0.0;1594.8133544921875;23829.421875;2249.91162109375;6125.03515625;12934.5595703125;14363.5341796875;61904.12890625
244;856.8478393554688;0.0;1587.8575439453125;24540.693359375;2191.359130859375;5938.24658203125;12691.736328125;13953.98046875;61760.3828125
245;793.05859375;0.0;1604.2833251953125;24511.849609375;2331.522705078125;5692.330078125;12388.3955078125;13795.009765625;61116.07421875
246;745.9351196289063;0.0;1605.3602294921875;24036.314453125;2274.886474609375;5737.56494140625;12350.345703125;13645.544921875;60395.45703125
247;789.3762817382813;0.0;1596.2091064453125;24832.095703125;2531.5771484375;5532.2998046875;12858.5732421875;13779.431640625;61919.05859375
248;749.2136840820313;0.0;1572.310791015625;25000.845703125;2377.6767578125;5136.5048828125;12636.9833984375;13583.5166015625;61056.58203125
249;845.7529296875;0.0;1572.0347900390625;24207.40625;2179.417724609375;5272.5498046875;12786.583984375;14052.01953125;60915.29296875
250;909.9119873046875;0.0;1637.770751953125;24633.021484375;2106.96337890625;5703.51806640625;13414.193359375;14566.5419921875;62971.34375
251;855.6288452148438;0.0;1403.9949951171875;24554.72265625;2181.504150390625;5884.35107421875;12876.1630859375;14204.4443359375;61960.37109375
252;764.2553100585938;0.0;1545.87109375;25346.919921875;2386.475341796875;5581.53271484375;12691.1259765625;14152.3251953125;62468.2734375
253;798.2208862304688;0.0;1604.189453125;25032.021484375;2442.72900390625;5505.40283203125;12357.087890625;13352.263671875;61091.4453125
254;727.53125;0.0;1624.11376953125;24731.84765625;2332.5595703125;5325.9677734375;12479.0625;13522.8994140625;60743.73046875
255;785.2439575195313;0.0;1714.2806396484375;25031.3671875;2112.824951171875;5474.79296875;12679.416015625;14012.685546875;61810.23828125
256;768.9439697265625;0.0;1811.5123291015625;24509.265625;2230.929931640625;5840.27001953125;12384.361328125;13809.8779296875;61354.78515625
257;871.1464233398438;0.0;1546.066162109375;24741.888671875;2244.9609375;5475.74609375;12983.19921875;13278.7373046875;61141.234375
258;849.1724853515625;0.2353329360485077;1545.9649658203125;24843.802734375;2178.6591796875;5649.88623046875;12254.623046875;13394.7646484375;60716.765625
259;834.1414184570313;0.2353329360485077;1612.2413330078125;24543.419921875;2230.201171875;5625.86865234375;12661.341796875;13690.75390625;61197.79296875
260;747.2418212890625;0.0;1583.75732421875;24655.84765625;2339.602783203125;5474.66455078125;12584.505859375;13923.8212890625;61309.125
261;942.589111328125;0.0;1701.749755859375;24636.064453125;2204.958740234375;5741.28271484375;13009.5693359375;13469.970703125;61705.65625
262;759.2798461914063;0.0;1534.750244140625;25313.435546875;2431.7607421875;5087.92578125;13352.1689453125;13517.0458984375;61995.796875
263;774.0050659179688;0.0;1502.90966796875;24647.751953125;2555.523193359375;5055.86865234375;13053.1005859375;13060.05859375;60648.7109375
264;785.7284545898438;0.0;1629.0833740234375;25628.43359375;2342.0107421875;5282.69482421875;12640.6259765625;13856.1982421875;62164.3984375
265;889.5774536132813;0.0;1601.7886962890625;26082.98046875;2247.01806640625;5412.21044921875;12792.8056640625;13964.125;62989.8828125
266;804.9547119140625;0.0;1657.7957763671875;24625.201171875;2401.07275390625;5317.67724609375;13124.48828125;13800.2607421875;61730.95703125
267;804.3082885742188;0.0;1557.4483642578125;25477.576171875;2319.423828125;5587.37841796875;13091.279296875;13938.7822265625;62775.68359375
268;820.0111694335938;0.0;1531.4718017578125;26031.728515625;2587.64501953125;5490.38623046875;13287.15234375;13222.7998046875;62970.65625
269;898.6261596679688;0.0;1632.909423828125;25697.873046875;2598.895751953125;5166.1357421875;13767.5380859375;13680.736328125;63442.29296875
270;864.925048828125;0.0;1709.27783203125;25207.19140625;2332.77490234375;5462.66943359375;13195.2822265625;13939.9072265625;62711.72265625
271;869.6018676757813;0.0;1699.1451416015625;25926.576171875;2252.8525390625;5460.49169921875;13528.2119140625;14120.2548828125;63856.69921875
272;883.9534301757813;0.0;1631.26123046875;25212.189453125;2058.482421875;5067.99560546875;12794.056640625;13820.1513671875;61467.84765625
273;714.8055419921875;0.0;1513.540283203125;24852.935546875;2265.0087890625;5006.4169921875;13002.4267578125;13750.8955078125;61105.58984375
274;855.2242431640625;0.0;1611.8155517578125;25009.40234375;2173.826171875;5060.13037109375;13192.2802734375;14538.24609375;62440.40234375
275;1048.907958984375;0.0;1724.4814453125;25029.08203125;2173.0634765625;5061.96435546875;12634.9697265625;13951.4521484375;61623.4140625
276;839.4221801757813;0.0;1796.51220703125;25327.306640625;2443.330322265625;5880.78466796875;13064.8427734375;14273.1689453125;63624.8046875
277;940.2955322265625;0.0;1727.511474609375;25064.638671875;2072.8818359375;5249.78564453125;12930.908203125;13724.140625;61709.80078125
278;814.3883666992188;0.0;1731.22412109375;25531.576171875;2097.267578125;5457.12255859375;12721.849609375;13888.9794921875;62241.9765625
279;793.8429565429688;0.0;1634.2686767578125;24879.453125;2148.96533203125;4869.35205078125;12870.26953125;13553.345703125;60749.21875
280;864.6300048828125;0.0;1663.0941162109375;25861.576171875;2135.965576171875;5124.75439453125;13359.5283203125;13561.0625;62570.203125
281;818.2227172851563;0.0;1865.2672119140625;25229.10546875;2134.07177734375;5234.16162109375;13162.0986328125;13776.994140625;62219.6015625
282;821.3927001953125;0.0;1707.0167236328125;24732.294921875;2201.17578125;5224.501953125;13103.9140625;12901.2939453125;60691.31640625
283;856.6924438476563;0.0;1705.7620849609375;25369.345703125;2233.5859375;5762.35595703125;13365.1552734375;12748.53125;62041.1953125
284;872.454833984375;0.0;1538.709716796875;24542.6796875;2323.806396484375;5648.45556640625;13528.58203125;12918.94921875;61373.1328125
285;954.2615356445313;0.0;1691.615234375;25420.47265625;2189.2177734375;5547.9541015625;13032.9013671875;13128.9541015625;61965.0234375
286;800.0270385742188;0.0;1512.164306640625;25617.224609375;2435.244384765625;5229.81787109375;13492.982421875;12963.2890625;62050.2421875
287;892.0791625976563;0.0;1528.4600830078125;26113.5546875;2421.333984375;5897.9521484375;13597.0537109375;12434.212890625;62884.2109375
288;675.144775390625;0.0;1455.288818359375;25321.0546875;2357.74169921875;5552.0986328125;12609.3896484375;12643.5400390625;60613.91015625
289;861.1599731445313;0.0;1531.76025390625;25750.431640625;2094.148193359375;5381.76708984375;13140.0966796875;12563.84765625;61322.87890625
290;911.1095581054688;0.0;1800.939208984375;25765.849609375;2038.934814453125;5453.87451171875;13388.455078125;12971.9091796875;62330.58984375
291;721.8699340820313;0.0;1597.29541015625;25679.359375;2095.743896484375;5040.81591796875;12793.494140625;13139.181640625;61067.21484375
292;737.0433349609375;0.0;1693.0487060546875;24927.05859375;2176.21435546875;5193.13134765625;12778.2548828125;13090.7216796875;60595.1171875
293;771.5751342773438;0.0;1700.64794921875;24619.177734375;2159.579833984375;5255.02783203125;12279.208984375;12553.8818359375;59338.84765625
294;681.8723754882813;0.0;1576.593505859375;24958.3125;2389.856689453125;5333.6943359375;12885.88671875;13003.8662109375;60829.74609375
295;769.4041137695313;0.0;1447.3021240234375;24921.501953125;2381.751953125;5125.17333984375;12525.171875;12254.2666015625;59424.1953125
296;773.1322631835938;0.0;1517.04736328125;24819.9140625;2096.547607421875;5244.9111328125;12996.0859375;12863.7509765625;60311.1015625
297;783.5344848632813;0.0;1489.4647216796875;24923.783203125;2201.35107421875;5559.0576171875;12719.6337890625;12597.5849609375;60274.00390625
298;760.3524169921875;0.0;1462.1318359375;25108.5390625;2160.31298828125;5696.0341796875;12710.5234375;12958.5693359375;60856.171875
299;702.14208984375;0.0;1404.515869140625;25178.5703125;2313.7744140625;5174.11474609375;13111.154296875;13255.455078125;61139.2734375
