STEP;C11;NP;OCB;OCC;OCN;OCP;ONC;PAN;TOTAL
0;4965.70068359375;0.7059987783432007;3285.25;18094.12109375;1706.1181640625;4373.12548828125;8697.5517578125;66030.8515625;107154.640625
1;4929.283203125;1.1766645908355713;3367.008544921875;18495.47265625;1590.81201171875;4460.06201171875;8615.1572265625;66031.609375;107491.890625
2;5372.4833984375;1.4119975566864014;3532.110595703125;18763.26171875;1523.080810546875;4462.41357421875;9147.8642578125;64756.05078125;107559.921875
3;4798.41162109375;0.2353329360485077;3296.869384765625;18034.34765625;1801.3011474609375;3954.396728515625;9232.439453125;63937.02734375;105056.5078125
4;4532.98095703125;0.4706658720970154;3172.985595703125;17722.71484375;1603.6456298828125;4248.02294921875;8820.13671875;64736.7890625;104839.140625
5;4727.58203125;0.0;3130.7744140625;17208.517578125;1772.554443359375;4162.908203125;8482.7236328125;63666.07421875;103152.9765625
6;4564.15380859375;0.2353329360485077;3118.579345703125;17085.4609375;1864.2960205078125;4142.3740234375;8547.408203125;64205.14453125;103529.5390625
7;4194.6083984375;0.4706658720970154;3056.03076171875;17456.1171875;1837.60400390625;4081.154296875;8928.6962890625;64865.65234375;104421.171875
8;4431.46923828125;0.0;3023.225830078125;16530.21875;1782.305419921875;3799.635498046875;8756.0009765625;62876.9140625;101200.9296875
9;4227.3720703125;2.823995351791382;3024.394775390625;16521.365234375;1814.1417236328125;3846.02685546875;8478.0537109375;63018.41015625;100933.7421875
10;4028.34716796875;1.411997675895691;3018.53125;15873.22265625;1729.0189208984375;3841.313232421875;8321.9228515625;62056.52734375;98871.2265625
11;4228.5322265625;3.294661045074463;2916.788330078125;15873.34375;1771.08349609375;3870.23779296875;8604.0146484375;62576.92578125;99845.3203125
12;4284.3642578125;0.2353329360485077;2581.070068359375;16033.994140625;1675.3060302734375;3701.823486328125;8656.8955078125;62461.3984375;99396.3671875
13;4390.74560546875;2.5886621475219727;2778.351318359375;16046.4599609375;1760.0684814453125;3906.20849609375;8990.029296875;62005.640625;99881.2890625
14;4464.357421875;2.1179964542388916;2819.1572265625;16013.2578125;1885.8612060546875;3835.422119140625;9103.357421875;60796.5078125;98920.953125
15;3643.1953125;0.9413317441940308;2672.476806640625;15749.5400390625;1771.9376220703125;3735.5654296875;8860.08984375;60852.57421875;97287.5859375
16;4072.8232421875;0.0;2960.300537109375;15794.4716796875;1562.7579345703125;3813.143798828125;8891.861328125;61454.57421875;98551.2109375
17;4104.125;0.2353329360485077;2878.960205078125;15620.1396484375;1540.247802734375;3532.1640625;8628.830078125;61775.171875;98080.546875
18;4020.95068359375;0.0;3052.974609375;15545.115234375;1537.9920654296875;3835.592529296875;9038.94140625;60218.46875;97251.15625
19;3643.256103515625;0.4706658720970154;3078.5078125;15813.23046875;1602.5401611328125;3779.25927734375;8578.76953125;60893.9765625;97390.921875
20;3593.596923828125;2.1179964542388916;2793.48779296875;15332.41015625;1474.1341552734375;3754.071533203125;8829.8515625;60276.53125;96057.296875
21;3512.6103515625;0.2353329360485077;3082.865966796875;15014.4794921875;1572.5321044921875;3717.313720703125;8938.478515625;61126.46875;96966.2890625
22;3462.119384765625;0.0;2906.94873046875;14978.5556640625;1772.087158203125;3756.7294921875;8286.4697265625;59879.2421875;95042.9609375
23;3410.026123046875;0.4706658720970154;2787.120361328125;14716.7294921875;1701.146728515625;3766.13623046875;8272.16796875;59657.06640625;94311.703125
24;3408.479248046875;0.4706658720970154;2744.42236328125;15196.0791015625;1661.38330078125;3819.515380859375;8762.8232421875;59892.94921875;95487.234375
25;3367.25927734375;0.0;2831.600830078125;15280.447265625;1530.5745849609375;3615.429931640625;8522.296875;59790.7734375;94939.34375
26;3204.14697265625;0.2353329360485077;2810.057373046875;15075.36328125;1608.4261474609375;3863.8603515625;7996.5693359375;59422.046875;93981.71875
27;3353.795654296875;0.2353329360485077;2695.72900390625;14956.0068359375;1610.567626953125;3808.357666015625;8423.3974609375;58953.28125;93802.734375
28;3281.962646484375;0.7059987783432007;2880.1181640625;14773.3486328125;1421.713134765625;3725.97705078125;8385.0947265625;59331.52734375;93801.4765625
29;3270.5380859375;0.0;2446.91162109375;14921.5947265625;1412.2247314453125;3653.472412109375;8521.02734375;58624.7109375;92851.3125
30;3190.723388671875;0.0;2510.33349609375;14467.8583984375;1522.16259765625;3739.90185546875;8121.0068359375;58813.0078125;92366.0546875
31;3338.273193359375;0.9413317441940308;2716.57568359375;14906.4072265625;1682.5791015625;3612.160400390625;8252.7685546875;59385.171875;93895.703125
32;3000.74658203125;0.2353329360485077;2543.27880859375;14657.19921875;1534.8868408203125;3557.41943359375;8188.5751953125;58561.703125;92044.9921875
33;3257.364013671875;1.8826634883880615;2538.413818359375;14415.431640625;1691.9993896484375;3596.781982421875;8471.388671875;58609.10546875;92583.3984375
34;3248.46044921875;0.2353329360485077;2611.458740234375;14732.7880859375;1600.6190185546875;3696.117919921875;8793.431640625;58958.0859375;93641.9296875
35;3155.6982421875;0.9413317441940308;2757.2958984375;14333.9736328125;1469.3404541015625;3737.418701171875;8833.962890625;58728.0546875;93017.453125
36;3078.258544921875;1.8826634883880615;2570.482421875;14383.8955078125;1604.6455078125;3831.084716796875;9166.533203125;58369.39453125;93007.015625
37;3132.33251953125;0.7059987783432007;2767.176513671875;15006.8466796875;1576.390625;3756.592041015625;9075.576171875;59465.37109375;94782.1328125
38;3086.030517578125;0.4706658720970154;2366.32470703125;14423.890625;1575.0836181640625;3575.40283203125;9047.4345703125;59662.80859375;93738.25
39;2881.638671875;0.0;2461.88037109375;14553.0908203125;1407.2017822265625;3685.218994140625;8772.2841796875;58239.265625;92001.6953125
40;3028.55078125;1.1766647100448608;2394.31982421875;14673.794921875;1511.694580078125;3472.03076171875;8371.119140625;58117.5703125;91571.5
41;2643.152587890625;0.7059987783432007;2374.553955078125;14821.0986328125;1567.955810546875;3415.378662109375;8621.599609375;58271.47265625;91716.6328125
42;2888.388427734375;0.4706658720970154;2274.752685546875;14271.505859375;1589.43994140625;3050.81787109375;8571.4013671875;58556.203125;91203.75
43;2837.905029296875;1.4119975566864014;2508.971435546875;14468.283203125;1647.8001708984375;3229.69873046875;8953.333984375;59623.265625;93271.3515625
44;2796.473388671875;0.0;2611.69580078125;14221.6875;1397.55908203125;3487.9326171875;8700.205078125;59086.9765625;92303.6953125
45;2832.72412109375;0.2353329360485077;2491.915771484375;13897.423828125;1581.8316650390625;3237.107666015625;9250.1318359375;57984.37109375;91276.578125
46;2835.94580078125;0.2353329360485077;2375.68798828125;13995.3916015625;1885.16259765625;3313.208740234375;9802.6015625;58329.12890625;92538.15625
47;2870.890380859375;0.2353329360485077;2319.633056640625;14109.3759765625;1704.447509765625;3576.2548828125;9337.265625;57493.703125;91412.875
48;2723.50048828125;3.059328317642212;2371.903076171875;13708.2021484375;1644.08349609375;3504.175048828125;9072.4609375;58049.91015625;91077.9375
49;2669.861328125;0.9413317441940308;2233.62841796875;13926.103515625;1503.8668212890625;3372.228515625;9261.08203125;59210.078125;92178.6328125
50;2891.828125;0.7059987783432007;2387.6884765625;14259.64453125;1379.78515625;3446.26318359375;9264.458984375;58891.0625;92522.3828125
51;2917.794189453125;0.2353329360485077;2258.74755859375;14124.794921875;1576.45458984375;3517.109619140625;9315.7431640625;57850.6484375;91562.21875
52;2747.422607421875;0.4706658720970154;2062.281494140625;13458.533203125;1617.298095703125;3395.883544921875;9331.3828125;57799.17578125;90413.1796875
53;2779.94775390625;0.0;2030.1693115234375;13392.2978515625;1506.75927734375;3534.729736328125;9394.3310546875;57564.9375;90204.03125
54;2672.823974609375;0.7059987783432007;2183.2861328125;13161.1416015625;1787.4725341796875;3218.469482421875;8921.869140625;57780.23046875;89726.9140625
55;2695.618408203125;0.4706658720970154;2311.8818359375;13933.01171875;1686.5526123046875;3283.559814453125;9184.8984375;58253.08203125;91349.734375
56;2770.32568359375;3.294661045074463;2257.718505859375;13404.0615234375;1638.109375;3269.653076171875;9216.109375;57800.38671875;90360.34375
57;2850.668701171875;1.1766647100448608;2146.28955078125;13368.8193359375;1690.8507080078125;3331.639892578125;9040.685546875;57957.8984375;90389.0625
58;2910.776611328125;0.7059987783432007;2149.581787109375;14204.2216796875;1722.47998046875;3313.410400390625;8996.6435546875;58469.43359375;91768.1953125
59;2822.98828125;1.1766645908355713;2363.18359375;13652.13671875;1740.0238037109375;3008.021484375;8679.7509765625;57720.00390625;89987.84375
60;2738.539306640625;0.0;2357.620361328125;13756.9140625;1538.8714599609375;3164.2509765625;9295.38671875;58094.34375;90946.7734375
61;2747.583984375;0.9413317441940308;2390.833251953125;13684.3603515625;1724.7305908203125;3222.658935546875;8958.09765625;58037.08203125;90766.921875
62;2582.345947265625;0.4706658720970154;2168.560302734375;13461.5087890625;1634.093994140625;3534.701904296875;8092.890625;58357.59765625;89832.9921875
63;2733.363037109375;0.0;2380.84814453125;12917.802734375;1704.1856689453125;3390.513427734375;9048.4345703125;58159.51953125;90335.3359375
64;2723.592529296875;0.4706658720970154;2346.52734375;13408.0517578125;1751.322265625;3454.187744140625;8920.4443359375;57908.5859375;90513.6171875
65;2700.840576171875;0.0;2400.110595703125;13358.2705078125;1623.71484375;3350.244384765625;9184.71875;57788.3203125;90406.90625
66;2788.240234375;0.7059987783432007;2178.11669921875;13555.6376953125;1453.632080078125;3558.85107421875;8697.6064453125;57980.6015625;90214.59375
67;2580.989501953125;0.2353329360485077;2236.08544921875;13475.0302734375;1680.44189453125;3428.711669921875;8635.0390625;57576.75;89614.328125
68;2734.381591796875;0.9413317441940308;2270.276611328125;12850.166015625;1449.4420166015625;3269.477783203125;8838.9365234375;57784.7109375;89199.234375
69;2635.174072265625;3.294661045074463;2074.1708984375;13437.28125;1437.5931396484375;3446.229736328125;8548.35546875;56655.8125;88238.5703125
70;2360.70263671875;0.7059987783432007;2297.2685546875;13281.3115234375;1631.2169189453125;3221.23779296875;8474.9296875;56922.84765625;88190.65625
71;2585.039306640625;0.4706658720970154;2308.93212890625;13068.224609375;1550.409423828125;3380.739990234375;8842.67578125;56829.796875;88567.1015625
72;2636.0263671875;0.7059987783432007;2091.416259765625;13254.3447265625;1685.7645263671875;3184.885498046875;8860.9580078125;56391.03515625;88105.515625
73;2835.80078125;1.411997675895691;2214.775634765625;13173.3798828125;1712.1451416015625;3308.640625;8516.6728515625;56667.078125;88430.7421875
74;2607.675537109375;0.9413317441940308;2133.396240234375;13247.3427734375;1612.6866455078125;3485.7333984375;8564.8857421875;57266.4140625;88919.6484375
75;2764.42431640625;2.8239951133728027;2263.712158203125;13268.4453125;1377.671630859375;3170.68017578125;9040.466796875;56854.0;88743.0859375
76;2885.481689453125;0.7059987783432007;2129.810302734375;12810.376953125;1239.39404296875;3059.71240234375;8386.5439453125;56540.85546875;87053.625
77;2540.375732421875;0.2353329360485077;2118.207763671875;13013.73046875;1545.371337890625;3076.145263671875;8759.3125;56291.83203125;87345.5859375
78;2548.5244140625;0.4706658720970154;1978.9193115234375;13255.8427734375;1571.5577392578125;3139.736328125;8560.7548828125;56200.68359375;87256.984375
79;2579.639892578125;0.2353329360485077;2028.934814453125;12862.53125;1488.6881103515625;3120.2197265625;8702.4560546875;56108.91015625;86892.0390625
80;2363.985107421875;0.0;2001.3463134765625;12606.9208984375;1305.2454833984375;3134.272705078125;8202.947265625;56499.9375;86115.484375
81;2430.71435546875;0.2353329360485077;1900.2764892578125;12946.826171875;1285.044189453125;3198.474365234375;8683.3828125;56292.421875;86738.140625
82;2361.37548828125;0.2353329360485077;1918.7366943359375;13126.96484375;1431.753662109375;3282.967529296875;8860.2568359375;55848.78125;86831.7890625
83;2466.601806640625;0.9413317441940308;2073.7314453125;13182.6572265625;1541.783203125;3168.04248046875;9020.900390625;56335.4921875;87790.640625
84;2454.198486328125;0.0;1949.1849365234375;13426.62890625;1280.0955810546875;3149.44580078125;9002.21875;55615.96875;86878.265625
85;2379.35888671875;0.0;2039.591796875;13138.265625;1407.4776611328125;3171.298095703125;8945.1015625;55650.02734375;86731.9921875
86;2512.49267578125;0.7059987783432007;2009.6234130859375;13751.8583984375;1573.4083251953125;3156.6318359375;8503.1279296875;55335.09375;86843.6484375
87;2252.951904296875;0.0;1805.3831787109375;13154.2900390625;1513.8572998046875;3218.4052734375;8666.0361328125;55103.72265625;85715.4140625
88;2374.941650390625;0.4706658720970154;1977.79443359375;13085.4560546875;1434.980712890625;3240.56005859375;8532.9345703125;54810.17578125;85457.7265625
89;2400.955078125;0.0;2192.206298828125;12741.2216796875;1429.8404541015625;3354.021728515625;8514.2197265625;54771.0546875;85404.1171875
90;2304.03759765625;0.9413317441940308;2071.03564453125;13047.8759765625;1435.69384765625;3331.02880859375;8337.345703125;54527.32421875;85055.8984375
91;2481.50439453125;0.9413317441940308;1915.27099609375;12532.3720703125;1376.2122802734375;3322.3779296875;8291.2900390625;54340.56640625;84261.25
92;2446.60498046875;0.0;2019.66357421875;12400.2509765625;1547.7431640625;3220.457763671875;8569.193359375;54788.57421875;84993.1484375
93;2353.35693359375;2.8239951133728027;2041.554443359375;12239.46484375;1433.6636962890625;3221.5263671875;8825.18359375;54400.6171875;84518.578125
94;2319.368896484375;8.001319885253906;1991.71826171875;12877.150390625;1414.95654296875;3198.582763671875;9139.1337890625;54367.28125;85316.578125
95;2343.95458984375;0.4706658720970154;2007.944091796875;12951.392578125;1496.2496337890625;3311.713134765625;8914.419921875;54758.3515625;85785.171875
96;2183.6708984375;2.5886621475219727;2069.929931640625;12441.224609375;1469.015869140625;3231.217041015625;8804.28125;54573.9765625;84776.1796875
97;2392.637939453125;0.0;2044.001953125;12308.625;1253.119873046875;3236.527099609375;8797.6328125;54806.69921875;84839.9296875
98;2242.672119140625;0.0;2156.270263671875;12141.8759765625;1432.5794677734375;3014.660888671875;9116.494140625;54780.48046875;84885.578125
99;2105.899169921875;2.5886623859405518;1863.2401123046875;12472.7685546875;1602.6708984375;3246.41357421875;8828.4765625;55157.81640625;85280.2890625
100;2231.595703125;0.0;1956.9378662109375;12413.0361328125;1605.912353515625;3174.11865234375;9228.9736328125;55115.4375;85726.3671875
101;2115.35693359375;2.3533294200897217;1641.1094970703125;12137.58203125;1578.8511962890625;3010.995361328125;8419.3974609375;54438.70703125;83344.96875
102;2033.1474609375;2.3533294200897217;1961.031982421875;11937.1025390625;1482.0848388671875;3174.333740234375;8414.220703125;54721.8671875;83726.6328125
103;2212.279052734375;0.7059987783432007;1766.0582275390625;11599.4833984375;1364.6644287109375;3032.04443359375;8922.13671875;54025.9609375;82923.84375
104;2213.97607421875;0.0;1775.0440673828125;12001.857421875;1397.9893798828125;3174.618408203125;8571.13671875;54367.88671875;83502.8046875
105;2278.568359375;0.0;1793.2974853515625;12448.0029296875;1263.232421875;3160.036376953125;8629.375;54781.2265625;84354.171875
106;2061.405029296875;0.0;1783.6873779296875;11892.98046875;1382.97412109375;3172.992431640625;8475.77734375;54666.890625;83437.21875
107;2261.474365234375;0.0;1584.74267578125;11456.94140625;1310.7882080078125;3126.813232421875;8147.09521484375;54356.15625;82244.5625
108;2386.1943359375;0.0;2024.1812744140625;12079.3662109375;1491.1534423828125;3072.35302734375;8713.2392578125;54406.37109375;84173.421875
109;2386.74365234375;0.2353329360485077;1726.615966796875;12123.943359375;1329.6727294921875;3119.0400390625;8544.0126953125;54488.28125;83719.0546875
110;2202.491455078125;0.0;1726.564208984375;11997.9951171875;1465.504638671875;3150.34765625;8287.92578125;54451.8203125;83282.8828125
111;2311.884521484375;0.0;1706.2630615234375;12426.451171875;1306.3707275390625;3192.197021484375;8376.97265625;53549.80859375;82870.296875
112;2088.11181640625;0.4706658720970154;1773.833251953125;12384.9814453125;1366.4718017578125;3186.981201171875;8138.17529296875;53522.421875;82462.0625
113;2086.325927734375;0.0;1834.7977294921875;12112.9296875;1514.3656005859375;3064.153564453125;8368.625;53864.6796875;82845.90625
114;2154.975341796875;0.0;1687.12744140625;12063.169921875;1271.73876953125;3226.412841796875;8427.4697265625;54409.2109375;83240.828125
115;2203.07470703125;0.7059987783432007;1832.2939453125;11720.5791015625;1264.85498046875;3176.135986328125;8579.4677734375;54072.3828125;82849.953125
116;2067.27001953125;0.0;2011.221923828125;11845.05859375;1210.1392822265625;3337.08349609375;8803.2158203125;53750.48046875;83024.734375
117;2151.15869140625;0.0;1825.230224609375;11772.3271484375;1325.71044921875;3405.58984375;8637.275390625;53200.875;82318.5078125
118;2029.4700927734375;0.0;1767.244140625;11709.859375;1365.1514892578125;3464.90869140625;8666.80859375;54033.04296875;83037.0
119;1915.634033203125;0.2353329360485077;1775.919189453125;11632.1767578125;1260.9136962890625;3559.3525390625;8371.9736328125;53925.859375;82442.375
120;1873.9561767578125;0.2353329360485077;1716.09423828125;12146.12109375;1273.195068359375;3228.7734375;8128.88525390625;54591.234375;82958.96875
121;1768.5625;0.0;1864.68017578125;12051.5224609375;1419.517578125;3114.915283203125;8381.103515625;53786.78125;82387.8046875
122;1990.1317138671875;0.2353329360485077;1725.8104248046875;12503.4501953125;1400.178955078125;3369.219970703125;8286.3623046875;53761.53515625;83037.5234375
123;2027.746337890625;0.0;1831.317626953125;11778.7958984375;1411.55615234375;3252.789306640625;8311.7119140625;54796.15625;83410.46875
124;1960.9515380859375;0.0;1850.966796875;12084.7939453125;1573.73681640625;3105.295166015625;8704.3681640625;54596.5234375;83876.921875
125;1832.843994140625;0.0;1688.6571044921875;12144.7275390625;1435.4639892578125;3214.23583984375;8566.6328125;55067.4921875;83950.4921875
126;1774.590576171875;0.0;1653.30908203125;11963.658203125;1437.0013427734375;3345.763916015625;8945.37890625;55167.26953125;84287.2265625
127;1852.8531494140625;2.3533291816711426;1724.8082275390625;12053.0302734375;1267.802001953125;3337.712646484375;8451.3701171875;54317.64453125;83008.0390625
128;1744.892578125;0.7059987783432007;1840.3175048828125;12036.927734375;1312.3060302734375;3159.425537109375;9106.943359375;54926.22265625;84128.234375
129;1818.1986083984375;0.7059987783432007;1650.92578125;11669.048828125;1308.5916748046875;3174.072998046875;9513.716796875;55232.9140625;84368.8515625
130;1666.29638671875;0.9413317441940308;1664.53955078125;11895.9892578125;1490.9580078125;3155.484130859375;9385.8212890625;54969.609375;84229.9453125
131;1809.515625;0.4706658720970154;1639.686767578125;12018.7822265625;1355.3363037109375;3299.775634765625;9043.4189453125;55296.76953125;84464.4140625
132;1824.585205078125;1.411997675895691;1593.09130859375;11804.36328125;1387.04052734375;3193.145263671875;9284.2138671875;55562.77734375;84650.9375
133;1907.3299560546875;0.7059987783432007;1725.0025634765625;11776.39453125;1517.1763916015625;3470.952392578125;9378.111328125;54672.921875;84449.0234375
134;1775.3902587890625;1.411997675895691;1575.250244140625;11840.740234375;1463.73779296875;3361.82470703125;9609.58984375;54720.03515625;84348.4375
135;1773.677490234375;0.7059987783432007;1535.8817138671875;11949.619140625;1454.5850830078125;3380.640380859375;9226.46484375;54453.4453125;83775.40625
136;1704.18505859375;0.0;1625.654541015625;11454.8701171875;1170.9769287109375;3341.6689453125;8974.421875;54368.24609375;82640.5546875
137;1908.127197265625;0.0;1695.024169921875;12121.283203125;1407.06591796875;3351.073486328125;8983.5009765625;54780.7421875;84247.1953125
138;1968.1138916015625;0.4706658720970154;1557.875244140625;11277.712890625;1456.4212646484375;3576.387939453125;8819.0400390625;55630.21875;84286.8984375
139;1962.5341796875;0.0;1604.2454833984375;11811.3310546875;1518.607421875;3238.302490234375;9084.974609375;54532.453125;83753.0078125
140;2025.896484375;1.4119975566864014;1520.227783203125;11672.2158203125;1405.248779296875;3245.185546875;8616.947265625;54605.3515625;83093.1484375
141;1920.9849853515625;0.4706658720970154;1526.089111328125;11267.1181640625;1182.8746337890625;3111.472412109375;8932.0126953125;54154.5625;82096.0234375
142;1994.8785400390625;0.0;1631.90673828125;11472.244140625;1631.998779296875;3390.098876953125;8472.9658203125;53985.484375;82580.3046875
143;1848.3062744140625;0.4706658720970154;1506.048583984375;11505.2548828125;1377.7789306640625;3597.2021484375;8585.73046875;54826.890625;83248.046875
144;1992.3822021484375;0.0;1632.2474365234375;11311.5546875;1538.6923828125;3300.551513671875;8608.921875;54519.359375;82904.171875
145;2076.188720703125;1.6473305225372314;1397.4822998046875;11555.3310546875;1459.8388671875;3232.01123046875;9044.197265625;54185.51171875;82952.40625
146;1886.9765625;0.7059987783432007;1449.3907470703125;11506.77734375;1390.2218017578125;3191.738037109375;8914.53515625;54254.90625;82595.71875
147;1978.273681640625;0.2353329360485077;1591.4736328125;11089.8828125;1467.1571044921875;3158.20361328125;8488.091796875;54407.953125;82181.59375
148;2002.05224609375;0.0;1568.2047119140625;11687.5185546875;1435.5648193359375;3249.44091796875;8836.6083984375;53421.53515625;82201.1640625
149;1999.0592041015625;0.2353329360485077;1516.9501953125;11038.734375;1429.5916748046875;3232.839111328125;8504.0888671875;53719.48828125;81441.2578125
150;1763.406005859375;1.4119975566864014;1589.9144287109375;11435.1611328125;1563.8275146484375;3344.74169921875;8835.6279296875;54446.33984375;82980.7109375
151;1769.6571044921875;0.0;1827.950927734375;11221.203125;1515.012939453125;3173.320068359375;8666.2412109375;54458.39453125;82632.078125
152;1655.2210693359375;0.0;1636.3568115234375;11271.0048828125;1445.103271484375;3282.894775390625;8335.20703125;54521.84765625;82148.046875
153;1631.7362060546875;0.4706658720970154;1772.0543212890625;10979.705078125;1379.3548583984375;3338.468994140625;8477.3447265625;54487.40234375;82066.8984375
154;1633.37451171875;1.1766647100448608;1632.8038330078125;11204.515625;1398.52099609375;3183.21142578125;8652.4814453125;54568.76171875;82274.984375
155;1556.6119384765625;0.0;1445.10791015625;11077.0576171875;1340.449951171875;3238.253662109375;8830.4306640625;54512.40234375;82000.7578125
156;1537.1649169921875;0.7059987783432007;1686.3194580078125;11512.552734375;1512.1849365234375;3358.4443359375;8480.5498046875;53980.7265625;82068.9765625
157;1592.8592529296875;0.0;1469.248291015625;11168.392578125;1420.85498046875;3489.067626953125;8661.4501953125;54660.54296875;82462.9140625
158;1466.3692626953125;0.2353329360485077;1712.2176513671875;10840.318359375;1382.2891845703125;3263.70947265625;8404.1083984375;55299.77734375;82369.4296875
159;1436.384765625;0.0;1660.758056640625;10943.380859375;1378.17626953125;3296.093994140625;8714.9111328125;54351.36328125;81781.2890625
160;1558.107421875;0.4706658720970154;1589.3253173828125;10639.7138671875;1376.15673828125;3250.97509765625;8437.138671875;55103.13671875;81955.4453125
161;1452.8875732421875;3.294661045074463;1693.0758056640625;10495.6396484375;1316.870361328125;3350.515625;8690.689453125;53880.30859375;80883.7421875
162;1450.28564453125;1.1766645908355713;1642.5345458984375;10625.0927734375;1443.2247314453125;3300.560791015625;8845.7021484375;53745.9296875;81054.765625
163;1478.5224609375;0.2353329360485077;1584.2615966796875;10946.0634765625;1352.060791015625;3297.80859375;9055.6259765625;53769.5625;81484.3671875
164;1552.7625732421875;0.0;1484.090576171875;10730.673828125;1255.7864990234375;3327.600830078125;8833.7763671875;54179.125;81364.4375
165;1620.8345947265625;0.9413317441940308;1426.858642578125;10780.0712890625;1295.53955078125;3260.377197265625;8548.654296875;54633.76953125;81567.5
166;1619.533203125;0.0;1530.731201171875;11317.3232421875;1396.6253662109375;3387.5908203125;8600.607421875;55008.56640625;82861.453125
167;1671.7601318359375;0.0;1496.15478515625;11079.7158203125;1352.0177001953125;3179.305908203125;8618.0888671875;54474.2578125;81871.625
168;1634.426025390625;0.2353329360485077;1518.1395263671875;10934.1298828125;1206.1610107421875;3398.263916015625;8259.2734375;54749.98046875;81700.9140625
169;1594.3980712890625;1.1766647100448608;1633.9036865234375;11057.384765625;1246.126708984375;3298.002197265625;8742.009765625;54090.015625;81663.1640625
170;1684.841552734375;0.7059987783432007;1502.5224609375;11273.103515625;1333.931640625;3421.511962890625;8578.2744140625;54101.33984375;81896.625
171;1618.67041015625;0.0;1671.501220703125;11164.8486328125;1368.2628173828125;3208.90185546875;8514.875;54961.28125;82508.5546875
172;1486.2843017578125;0.0;1532.740478515625;10715.2568359375;1394.4522705078125;3022.8740234375;8383.1904296875;54653.94140625;81189.296875
173;1500.147705078125;0.2353329360485077;1516.0103759765625;11375.9951171875;1342.0213623046875;3130.563720703125;8690.3779296875;54637.8203125;82193.28125
174;1542.0855712890625;0.2353329360485077;1538.6103515625;11205.1474609375;1246.7523193359375;3172.1015625;8746.85546875;54048.2421875;81500.453125
175;1526.8863525390625;0.7059987783432007;1527.962158203125;11447.6708984375;1399.77392578125;3261.359130859375;8468.4267578125;53986.88671875;81619.9375
176;1496.9669189453125;0.0;1438.0625;11547.2041015625;1573.528564453125;3079.07080078125;8773.5185546875;54693.703125;82602.328125
177;1615.893310546875;1.1766647100448608;1555.03125;11502.68359375;1483.466064453125;3678.16162109375;8491.53515625;54850.52734375;83178.765625
178;1599.227294921875;0.0;1423.2686767578125;11508.501953125;1461.529541015625;3345.372802734375;8538.701171875;54503.74609375;82380.65625
179;1666.286865234375;0.0;1419.17626953125;11269.3125;1400.126953125;3196.7451171875;8290.4033203125;53632.83984375;80875.2109375
180;1612.3524169921875;0.2353329360485077;1558.0262451171875;11525.748046875;1313.9539794921875;3401.712646484375;8270.0380859375;53838.96875;81521.328125
181;1512.7779541015625;0.0;1485.390625;11280.021484375;1415.2152099609375;3230.951171875;8340.7333984375;53845.61328125;81110.6875
182;1643.005126953125;0.0;1514.1011962890625;11523.7626953125;1384.3997802734375;3297.529541015625;8259.279296875;54848.53515625;82471.078125
183;1657.046875;0.2353329360485077;1556.9398193359375;11627.2109375;1536.31884765625;3361.16357421875;8304.1953125;53715.15625;81758.7109375
184;1615.0897216796875;0.9413317441940308;1400.4798583984375;11698.0888671875;1346.6754150390625;3151.08544921875;8762.8974609375;53501.05859375;81476.828125
185;1724.84814453125;1.6473305225372314;1578.5936279296875;12327.826171875;1443.071533203125;3254.1748046875;8917.626953125;54384.421875;83632.6875
186;1664.810302734375;0.0;1612.5460205078125;11848.544921875;1155.8785400390625;3370.216064453125;8842.4052734375;54284.63671875;82779.3125
187;1550.4256591796875;1.4119975566864014;1572.9842529296875;11634.65234375;1348.2667236328125;3368.428466796875;8661.06640625;54777.27734375;82914.78125
188;1598.3065185546875;0.7059987783432007;1513.520751953125;11572.771484375;1324.593505859375;3500.744873046875;8552.912109375;54260.3671875;82324.3046875
189;1656.0208740234375;0.9413317441940308;1704.5499267578125;11416.7255859375;1252.713623046875;3502.864501953125;8841.2607421875;53961.60546875;82337.4375
190;1598.9259033203125;1.8826634883880615;1595.8060302734375;11283.537109375;1429.60400390625;3415.138671875;8666.244140625;54866.53515625;82857.984375
191;1580.7314453125;1.6473305225372314;1621.289794921875;11497.712890625;1556.3824462890625;3492.68310546875;8932.826171875;53995.1796875;82678.8984375
192;1579.9576416015625;1.8826634883880615;1615.959228515625;11502.3623046875;1328.7840576171875;3244.9892578125;8536.73046875;54076.60546875;81887.8828125
193;1752.8642578125;0.0;1474.8985595703125;11928.81640625;1389.5726318359375;3536.435791015625;8520.2802734375;54408.74609375;83012.09375
194;1698.1251220703125;0.7059987783432007;1641.81494140625;11681.94140625;1401.8563232421875;3353.943359375;9101.37109375;54052.91015625;82933.078125
195;1756.3157958984375;0.7059987783432007;1484.0574951171875;11203.4404296875;1433.517578125;3493.573974609375;8897.7861328125;54035.796875;82305.8671875
196;2044.5196533203125;0.7059987783432007;1607.1558837890625;11060.2177734375;1350.4830322265625;3461.765625;9146.0712890625;54162.4921875;82833.53125
197;1726.812255859375;0.9413317441940308;1655.8114013671875;11288.240234375;1471.8983154296875;3219.91650390625;9117.390625;54025.12890625;82506.5625
198;1706.262939453125;0.0;1637.76806640625;11058.6748046875;1643.3719482421875;3205.69384765625;8417.9296875;53980.53125;81650.5234375
199;1656.3062744140625;0.2353329360485077;1467.4488525390625;10893.9287109375;1384.743896484375;3328.034912109375;8566.166015625;53776.6171875;81073.84375
200;1659.1981201171875;0.0;1511.849609375;10904.94140625;1480.5726318359375;3187.714599609375;8125.45263671875;52932.140625;79802.2265625
201;1582.6378173828125;0.0;1563.4097900390625;11349.951171875;1492.1971435546875;3225.753173828125;8692.6064453125;53579.453125;81486.234375
202;1533.9580078125;0.0;1501.247802734375;11277.2255859375;1495.939208984375;3358.5859375;8416.51953125;53613.0546875;81197.1953125
203;1686.007568359375;0.4706658720970154;1502.829345703125;10919.7197265625;1179.5655517578125;3377.19970703125;8406.533203125;52707.44921875;79780.21875
204;1590.6787109375;0.2353329360485077;1802.5986328125;11089.4033203125;1489.1134033203125;3224.639404296875;8793.0693359375;53664.53515625;81654.546875
205;1694.248779296875;0.0;1598.075927734375;10882.3154296875;1325.1824951171875;3273.185302734375;8705.93359375;53197.7734375;80677.0546875
206;1837.5745849609375;0.0;1629.38037109375;11196.6484375;1367.6646728515625;3460.093994140625;8791.4150390625;53328.75;81611.7890625
207;1613.71875;0.0;1591.91259765625;10912.1201171875;1422.5487060546875;3474.87548828125;8463.4609375;53679.33203125;81158.578125
208;1642.77392578125;0.2353329360485077;1571.998046875;11568.1796875;1425.9407958984375;3634.91748046875;8506.3173828125;54086.734375;82437.6328125
209;1833.705322265625;0.0;1548.0667724609375;11100.775390625;1352.3690185546875;3507.270751953125;8233.859375;53976.8046875;81553.171875
210;1803.2335205078125;0.0;1658.8138427734375;11238.6083984375;1287.395263671875;3291.7314453125;8593.1904296875;54396.7421875;82269.921875
211;1880.207275390625;0.7059987783432007;1583.254150390625;11426.66015625;1269.5164794921875;3428.0556640625;9027.1123046875;54493.578125;83109.3984375
212;1808.099609375;0.2353329360485077;1578.8831787109375;11433.775390625;1282.3240966796875;3336.934814453125;8763.666015625;55211.20703125;83415.6796875
213;1698.4837646484375;1.411997675895691;1518.2882080078125;11160.75;1410.5498046875;3418.46337890625;8452.9306640625;54227.13671875;81888.28125
214;1653.1741943359375;0.0;1646.14794921875;11521.208984375;1410.15283203125;3797.816162109375;9022.8818359375;54471.09765625;83522.84375
215;1637.630615234375;0.0;1347.05615234375;11714.3203125;1308.904541015625;3638.68359375;9257.068359375;54913.4453125;83817.4609375
216;1826.979736328125;0.7059987783432007;1568.1805419921875;11652.220703125;1309.1846923828125;3613.539306640625;9366.716796875;54785.4453125;84123.34375
217;1567.04541015625;0.7059987783432007;1543.007568359375;11420.7646484375;1563.7515869140625;3745.50341796875;9270.52734375;54432.171875;83543.921875
218;1599.5037841796875;0.7059987783432007;1480.7257080078125;11215.7646484375;1237.3671875;3618.756103515625;8616.9658203125;54459.234375;82229.4921875
219;1469.7501220703125;0.0;1465.021484375;11192.0751953125;1383.1231689453125;3649.642333984375;8576.197265625;54457.46875;82193.59375
220;1347.4454345703125;0.2353329360485077;1468.8033447265625;11286.3935546875;1294.1627197265625;3803.599609375;9065.734375;54170.25;82437.03125
221;1665.561767578125;0.0;1562.608154296875;11742.2724609375;1535.919921875;3402.059814453125;8891.16796875;54530.2109375;83330.125
222;1837.169921875;0.9413317441940308;1694.92578125;11050.6875;1417.718017578125;3588.2705078125;8809.326171875;54196.0234375;82595.2734375
223;1869.2857666015625;0.0;1793.0950927734375;11921.66796875;1397.642578125;3576.461669921875;8675.50390625;54196.99609375;83431.1171875
224;1894.655517578125;0.9413317441940308;1754.861083984375;11967.3935546875;1553.7335205078125;3725.37060546875;9142.1337890625;54251.5859375;84291.171875
225;1925.9688720703125;0.0;1571.2711181640625;11728.712890625;1633.8792724609375;3585.161376953125;8627.1845703125;53875.80859375;82948.296875
226;1769.0068359375;0.0;1538.2423095703125;11549.3994140625;1423.5523681640625;3757.1484375;8434.642578125;53990.31640625;82462.671875
227;1576.18505859375;0.0;1477.5594482421875;11492.0283203125;1535.387939453125;3791.85986328125;8930.3642578125;54084.78125;82888.375
228;1845.3165283203125;0.0;1624.935302734375;11269.5166015625;1516.829833984375;3751.977294921875;8842.126953125;54149.57421875;83000.46875
229;1823.8702392578125;0.0;1679.9000244140625;11196.1552734375;1747.5750732421875;3758.73828125;8642.9970703125;53590.109375;82439.53125
230;1714.21044921875;0.0;1540.739013671875;11133.8974609375;1576.4381103515625;3856.4501953125;8920.9853515625;53680.90234375;82423.9140625
231;1760.99169921875;0.0;1516.5804443359375;11238.119140625;1577.354736328125;3693.96875;8542.515625;53246.0859375;81576.3125
232;1758.2352294921875;0.0;1675.0599365234375;11489.541015625;1536.439208984375;3931.423583984375;9102.23828125;53195.49609375;82688.8984375
233;1716.837158203125;0.0;1814.868896484375;11618.0947265625;1521.9346923828125;3762.35693359375;8625.625;54238.859375;83299.125
234;1811.39697265625;0.0;1513.7855224609375;11314.5068359375;1361.740234375;3743.43359375;8675.5849609375;53928.5859375;82349.421875
235;1743.408935546875;0.0;1606.1585693359375;11717.6806640625;1486.709716796875;3672.372802734375;8286.6259765625;53294.59375;81807.84375
236;1537.6048583984375;0.0;1573.207275390625;11389.4580078125;1369.3973388671875;3692.438232421875;8442.5419921875;53463.37890625;81468.3203125
237;1487.231201171875;0.0;1670.70751953125;11498.2158203125;1423.1282958984375;3833.741943359375;8555.8876953125;53912.71484375;82382.1484375
238;1454.0106201171875;0.0;1574.995849609375;11289.3408203125;1491.082763671875;3672.3291015625;8241.05859375;54135.11328125;81858.6953125
239;1408.6131591796875;0.0;1558.1859130859375;11172.3623046875;1575.18017578125;3738.369873046875;8192.58984375;54215.73828125;81861.53125
240;1598.9891357421875;0.0;1742.44287109375;11123.9482421875;1304.5721435546875;3549.91357421875;8073.86474609375;54119.8515625;81514.09375
241;1445.6143798828125;0.9413317441940308;1574.9814453125;11791.806640625;1394.62890625;3499.56787109375;8348.728515625;53588.140625;81644.71875
242;1677.385009765625;1.4119975566864014;1658.0809326171875;12125.60546875;1688.5992431640625;3438.436767578125;8786.1328125;54229.6015625;83605.8046875
243;1595.6517333984375;0.0;1831.9144287109375;12265.330078125;1474.141845703125;3715.269775390625;8880.5380859375;53268.109375;83031.3125
244;1864.0186767578125;0.0;1566.4991455078125;11777.28515625;1427.3228759765625;3920.676025390625;8759.5166015625;54178.99609375;83494.9296875
245;1601.48583984375;0.0;1562.0172119140625;11375.04296875;1429.915283203125;3794.306884765625;8753.4677734375;54041.48046875;82558.078125
246;1491.2449951171875;0.0;1550.5941162109375;11380.1015625;1350.1148681640625;3733.04345703125;9131.81640625;54287.1015625;82924.4765625
247;1559.53076171875;0.0;1534.4097900390625;11597.6650390625;1417.603759765625;3722.5419921875;8712.6640625;53436.859375;81981.5859375
248;1605.9986572265625;0.9413317441940308;1549.9522705078125;10740.9482421875;1370.4014892578125;3566.46875;8670.5263671875;54265.41796875;81771.046875
249;1452.167236328125;0.0;1433.33837890625;11269.041015625;1368.5203857421875;3845.991943359375;9145.7197265625;54341.77734375;82856.9765625
250;1439.0810546875;0.0;1455.113037109375;11353.96484375;1453.520263671875;3620.608642578125;8978.044921875;53588.1171875;81888.7890625
251;1590.429443359375;0.0;1592.8026123046875;11482.328125;1623.4437255859375;3544.298095703125;9060.4453125;54701.75;83595.8515625
252;1841.91845703125;0.0;1593.216064453125;12016.2978515625;1328.1143798828125;3692.09326171875;8916.142578125;53849.1015625;83237.296875
253;1529.29541015625;0.0;1507.607666015625;11350.869140625;1477.577880859375;3578.64697265625;8995.494140625;53787.70703125;82227.5234375
254;1614.123046875;0.0;1442.98974609375;11203.3740234375;1475.6343994140625;3797.560302734375;9005.8955078125;53275.52734375;81815.640625
255;1523.94482421875;0.0;1626.2255859375;11425.0078125;1324.339111328125;3390.5888671875;9118.3662109375;53492.375;81901.234375
256;1524.9774169921875;0.0;1607.150390625;11701.037109375;1233.89208984375;3684.306396484375;8614.740234375;53969.8203125;82336.5703125
257;1497.7327880859375;0.0;1430.61474609375;11321.2705078125;1392.1444091796875;3521.81884765625;8963.5205078125;53233.2421875;81360.9375
258;1541.3233642578125;0.0;1510.877197265625;11928.1982421875;1320.4942626953125;3378.569580078125;9226.767578125;53777.60546875;82684.2734375
259;1493.3809814453125;0.0;1463.965576171875;11921.3974609375;1539.7904052734375;3331.936767578125;9067.1484375;53201.35546875;82019.421875
260;1294.2054443359375;0.0;1773.6619873046875;11800.4365234375;1711.58935546875;3698.54541015625;9319.375;53607.55859375;83205.578125
261;1260.8753662109375;0.2353329360485077;1721.7078857421875;11937.0595703125;1452.332763671875;3375.108642578125;8983.9189453125;52960.21875;81691.53125
262;1526.1080322265625;0.2353329360485077;1542.0858154296875;11891.8603515625;1648.3804931640625;3403.63232421875;8848.1142578125;52730.69921875;81591.4609375
263;1381.8680419921875;0.0;1552.4161376953125;12012.33203125;1727.4161376953125;3417.57275390625;8925.275390625;52502.95703125;81519.9921875
264;1483.2454833984375;0.0;1609.342529296875;11961.7451171875;1643.59423828125;3625.885009765625;9273.490234375;53802.87109375;83400.3125
265;1807.9188232421875;0.0;1735.6375732421875;12034.6591796875;1626.6396484375;3330.249267578125;9219.494140625;53439.29296875;83194.4375
266;1481.873046875;0.7059987783432007;1668.7196044921875;12064.50390625;1586.4866943359375;3433.578369140625;9066.5224609375;52889.453125;82192.109375
267;1740.97216796875;0.2353329360485077;1574.1485595703125;11806.3935546875;1529.952880859375;3519.626708984375;9326.9619140625;52693.75;82191.984375
268;1750.6402587890625;0.0;1640.9493408203125;11611.91015625;1726.781005859375;3643.68017578125;9113.6494140625;53209.265625;82697.109375
269;1763.1904296875;0.0;1527.9173583984375;11639.2978515625;1682.1527099609375;3742.052490234375;9186.4306640625;52901.0390625;82442.1015625
270;1664.9127197265625;0.0;1459.999267578125;11477.7509765625;1513.1776123046875;3398.09619140625;9214.2041015625;52694.0859375;81422.3828125
271;1620.622802734375;0.0;1468.4320068359375;11550.9111328125;1482.2822265625;3258.244873046875;9200.287109375;52498.43359375;81079.4375
272;1678.9305419921875;0.0;1608.7275390625;12057.5458984375;1389.366455078125;3170.0576171875;9198.560546875;52902.98046875;82006.7265625
273;1543.05908203125;0.4706658720970154;1580.5650634765625;11938.84375;1514.6396484375;3534.083740234375;9471.9990234375;52722.4765625;82306.421875
274;1664.865966796875;0.0;1530.417236328125;12097.45703125;1695.1124267578125;3655.80517578125;9661.96484375;52294.52734375;82600.3125
275;1588.4068603515625;0.4706658720970154;1589.052001953125;11718.349609375;1766.5345458984375;3382.24462890625;9499.8935546875;52835.0390625;82380.25
276;1606.551025390625;0.0;1517.5767822265625;12111.2822265625;1652.50537109375;3481.228271484375;9011.3837890625;52978.39453125;82359.3046875
277;1615.6552734375;0.2353329360485077;1777.01318359375;11799.287109375;1562.2333984375;3529.193115234375;9520.939453125;52925.7109375;82730.5703125
278;1580.107666015625;0.0;1715.580078125;12218.455078125;1478.6553955078125;3692.283935546875;9215.4765625;52213.6328125;82114.5390625
279;1546.7005615234375;0.0;1705.8519287109375;11985.466796875;1532.4571533203125;3451.477783203125;9372.458984375;52318.90625;81913.46875
280;1588.234375;0.4706658720970154;1728.9600830078125;11680.748046875;1639.8299560546875;3534.895263671875;9580.03125;52735.79296875;82489.09375
281;1551.460693359375;0.0;1670.4453125;11970.318359375;1539.6605224609375;3582.697509765625;9205.8876953125;52906.07421875;82426.7890625
282;1797.2039794921875;0.2353329360485077;1592.2901611328125;11532.228515625;1589.645263671875;3407.429931640625;9107.8564453125;52329.03125;81356.09375
283;1699.2972412109375;0.0;1638.043212890625;11597.23828125;1463.96630859375;3472.875244140625;9071.0908203125;52310.734375;81253.5390625
284;1599.479736328125;0.0;1620.531005859375;11743.5029296875;1384.367919921875;3265.346435546875;9107.6669921875;53011.73046875;81733.03125
285;1683.087646484375;0.2353329360485077;1693.5120849609375;12097.9853515625;1438.74951171875;3386.183837890625;8935.158203125;53079.33203125;82314.4609375
286;1689.0771484375;0.0;1758.79296875;11566.40625;1310.86669921875;3601.54931640625;9332.1923828125;53034.43359375;82293.5390625
287;1580.3165283203125;0.2353329360485077;1685.6041259765625;11405.2841796875;1358.3453369140625;3584.445556640625;9430.1748046875;52364.11328125;81409.09375
288;1661.81005859375;2.5886623859405518;1645.255859375;11779.1767578125;1382.01220703125;3638.686767578125;9524.2568359375;52107.04296875;81741.0078125
289;1727.43603515625;0.4706658720970154;1644.3873291015625;11208.9765625;1519.7982177734375;3547.693359375;9388.712890625;52329.26171875;81367.0078125
290;1702.7381591796875;0.4706658720970154;1684.8359375;11680.8203125;1232.1434326171875;3592.722412109375;9194.4599609375;52102.46484375;81191.0390625
291;1596.4744873046875;0.0;1499.849853515625;11592.67578125;1351.486328125;3681.646728515625;9183.396484375;52047.390625;80953.3671875
292;1742.5389404296875;1.411997675895691;1595.6551513671875;11510.7783203125;1338.90283203125;3552.170166015625;9017.927734375;51937.59375;80697.1640625
293;1595.03857421875;0.9413317441940308;1664.416015625;11057.041015625;1427.9246826171875;3602.26171875;9154.23828125;52248.390625;80750.609375
294;1710.6297607421875;0.0;1587.4041748046875;11602.970703125;1379.0018310546875;3613.105224609375;9135.138671875;52234.6171875;81263.46875
295;1797.6304931640625;0.2353329360485077;1696.3076171875;11697.6630859375;1428.026123046875;3406.679443359375;8739.421875;52502.15625;81268.3203125
296;1810.786376953125;0.2353329360485077;1844.060791015625;11669.4130859375;1495.7275390625;3598.1142578125;8907.5810546875;52510.921875;81837.15625
297;1724.795166015625;0.9413317441940308;1676.0408935546875;11957.1982421875;1470.29443359375;3693.64599609375;9225.150390625;52235.921875;81984.734375
298;1704.285888671875;0.4706658720970154;1562.345947265625;12089.916015625;1575.5716552734375;3502.7431640625;9703.0830078125;52442.73828125;82581.34375
299;1717.1123046875;0.0;1738.90234375;11756.142578125;1538.2879638671875;3601.42333984375;9375.923828125;52776.61328125;82504.890625
