STEP;C11;NP;OCB;OCC;OCN;OCZ;ONC;ZIL;TOTAL
0;2507.27294921875;0.2353329360485077;2390.960693359375;17628.701171875;1245.61376953125;6955.62255859375;6992.3544921875;40071.48046875;77792.421875
1;2487.125732421875;0.2353329360485077;2298.373291015625;17229.419921875;1280.5111083984375;6778.6650390625;6093.052734375;39187.640625;75355.1171875
2;2458.712646484375;0.0;2162.127685546875;17731.48828125;1190.1285400390625;6961.57421875;6261.52392578125;39492.2734375;76257.59375
3;2363.481689453125;0.9413317441940308;2255.0546875;17641.958984375;1373.3753662109375;6628.4267578125;7221.5322265625;39472.625;76957.203125
4;2411.16015625;0.9413317441940308;2177.7119140625;18042.4296875;1267.5865478515625;6504.0361328125;7238.0625;39008.66796875;76650.6875
5;2289.53466796875;0.4706658720970154;2183.58203125;18152.38671875;1217.2269287109375;6655.07275390625;7310.42431640625;38106.6015625;75915.0078125
6;2306.91357421875;0.0;2125.943115234375;17841.61328125;1258.6217041015625;6270.306640625;7250.197265625;39021.484375;76075.125
7;2343.547607421875;0.0;2097.337646484375;17165.7578125;1223.4281005859375;6191.80419921875;7498.35107421875;38488.9375;75009.453125
8;2250.608154296875;0.7059987783432007;2010.9542236328125;17893.619140625;1201.213134765625;6347.5205078125;7691.27685546875;37582.25;74977.9296875
9;2303.1025390625;0.4706658720970154;2074.83544921875;18300.212890625;1480.7802734375;6493.74072265625;7481.6103515625;37860.1171875;75994.921875
10;1903.6552734375;0.2353329360485077;1899.9346923828125;18063.005859375;1146.5438232421875;6601.31103515625;7646.5166015625;37241.15625;74502.1796875
11;2031.3675537109375;0.2353329360485077;2071.68115234375;17498.59765625;1202.202880859375;6376.74267578125;7659.09814453125;37409.41015625;74249.0625
12;2006.6632080078125;0.4706658720970154;2048.400390625;17881.62109375;1228.9605712890625;6456.23681640625;7392.36328125;37338.2421875;74352.8984375
13;2136.66455078125;0.9413317441940308;2237.847900390625;18356.4921875;1338.1341552734375;6638.90869140625;7160.654296875;36816.3828125;74685.984375
14;1886.1064453125;0.0;2149.643310546875;17670.8359375;1132.283935546875;6661.18017578125;7387.671875;37062.0703125;73949.9140625
15;1882.273193359375;0.0;2052.237060546875;17215.25;1322.7335205078125;6748.77294921875;7427.962890625;36989.23046875;73638.2265625
16;1904.110595703125;0.9413317441940308;1822.9716796875;17325.58984375;1282.1162109375;6725.75927734375;7841.20654296875;36961.609375;73864.3828125
17;1692.4915771484375;0.0;1917.9158935546875;17221.943359375;1105.6385498046875;6865.78857421875;7356.14990234375;36908.3671875;73068.078125
18;1864.881591796875;0.0;1933.4014892578125;17255.259765625;1220.4329833984375;6790.8876953125;7572.7861328125;36846.85546875;73484.40625
19;1788.4100341796875;0.0;2168.644775390625;17667.2265625;982.1768188476563;6711.12353515625;6855.94970703125;35535.625;71708.953125
20;1712.260498046875;0.0;2098.32958984375;17123.5234375;1202.717041015625;6543.42529296875;6993.99169921875;36936.1015625;72610.2265625
21;1954.0130615234375;0.4706658720970154;1929.512451171875;17120.734375;1283.267822265625;6710.04931640625;7757.609375;36262.234375;73018.0859375
22;1782.4251708984375;0.0;1818.9805908203125;16398.994140625;1305.8895263671875;6415.58642578125;7481.9755859375;37029.02734375;72232.625
23;1752.5084228515625;0.2353329360485077;1860.1783447265625;16976.263671875;1266.9053955078125;6687.2197265625;7940.13427734375;36189.78125;72672.9921875
24;1893.5941162109375;0.0;1727.762939453125;16917.837890625;1349.9710693359375;6801.9970703125;7829.474609375;36361.75;72882.0234375
25;1802.24853515625;0.0;1947.9935302734375;17248.759765625;1204.187744140625;6983.01953125;8114.056640625;36048.046875;73347.9609375
26;1607.5928955078125;0.0;1869.631591796875;17325.640625;1176.798095703125;6701.99560546875;8202.826171875;35637.625;72521.8828125
27;1723.060546875;0.0;1912.669921875;17019.7578125;1349.7767333984375;6538.27490234375;8116.13916015625;36570.3046875;73229.703125
28;1857.6802978515625;0.4706658720970154;1821.3184814453125;16966.53515625;1220.8851318359375;6473.9931640625;7741.2666015625;35659.546875;71741.46875
29;1676.044677734375;0.0;1749.096435546875;16791.736328125;1199.5091552734375;6472.0947265625;7936.7666015625;35230.0703125;71054.90625
30;1806.3641357421875;0.0;1723.983154296875;16553.94140625;1320.758544921875;6536.7158203125;7751.9423828125;35508.015625;71201.4140625
31;1791.462158203125;0.2353329360485077;1774.5958251953125;17104.546875;1303.2374267578125;6559.0478515625;7935.67431640625;35673.7109375;72142.1953125
32;1630.347412109375;0.0;1719.9034423828125;16786.755859375;1283.7998046875;6496.02734375;7713.64208984375;35312.96875;70943.125
33;1543.41162109375;0.4706658720970154;1818.045166015625;16411.40234375;1289.5792236328125;6407.7412109375;7558.373046875;35897.703125;70926.28125
34;1685.41162109375;0.0;1748.4420166015625;16547.349609375;1120.3057861328125;6619.4755859375;7831.23388671875;35827.83984375;71379.7890625
35;1684.0391845703125;0.7059987783432007;1827.529296875;16877.794921875;1288.410888671875;6676.0634765625;7416.42626953125;34971.71484375;70742.3515625
36;1496.97412109375;0.0;1738.77197265625;16322.0234375;1337.96826171875;6388.11474609375;7439.88330078125;35796.3515625;70519.59375
37;1461.2083740234375;0.0;1691.9583740234375;16597.21484375;1098.6146240234375;6614.794921875;7720.70751953125;36110.33984375;71294.4375
38;1581.2587890625;0.0;1705.6876220703125;17070.173828125;1526.021728515625;6421.951171875;8066.97607421875;35969.421875;72341.2421875
39;1871.5889892578125;0.7059987783432007;1666.47998046875;16722.248046875;1390.7626953125;6824.74169921875;7897.83447265625;35592.9921875;71967.1640625
40;1862.096435546875;0.9413317441940308;1827.7109375;17184.806640625;1360.3729248046875;6464.234375;8090.607421875;35318.72265625;72109.25
41;1633.3758544921875;0.4706658720970154;1839.1368408203125;16252.869140625;1192.181396484375;6608.4169921875;7872.73974609375;34890.09765625;70288.96875
42;1787.8885498046875;1.1766645908355713;1694.2674560546875;16413.205078125;1180.568359375;6217.5458984375;8128.7744140625;34720.50390625;70143.6015625
43;1686.055908203125;0.0;1762.5743408203125;16679.767578125;1340.614990234375;6356.7236328125;7937.1376953125;35084.65234375;70847.125
44;1602.50634765625;0.0;1640.2550048828125;15688.6943359375;1045.535400390625;6223.53515625;7470.89306640625;35172.1484375;68843.1484375
45;1765.711669921875;0.2353329360485077;1702.324462890625;16033.109375;968.2813110351563;6311.02197265625;7558.80224609375;34345.25390625;68684.46875
46;1715.950927734375;0.0;1716.3013916015625;15719.5693359375;1207.75390625;6415.9765625;7728.6328125;35012.01953125;69515.9453125
47;1665.421630859375;0.4706658720970154;1643.4862060546875;15809.0712890625;1113.5113525390625;6291.56982421875;7378.27392578125;35477.98046875;69379.4375
48;1747.357421875;0.0;1742.3812255859375;15462.2392578125;965.977783203125;6227.7998046875;7369.1962890625;35370.60546875;68885.2265625
49;1909.9183349609375;0.2353329360485077;1597.8948974609375;15931.5205078125;1131.29296875;6375.47705078125;7350.4169921875;34674.4921875;68970.84375
50;1527.4998779296875;0.7059987783432007;1830.392822265625;15559.4345703125;1131.34326171875;6172.94287109375;7577.88720703125;34536.62109375;68336.3359375
51;1566.3665771484375;0.0;1731.9725341796875;15484.9541015625;1209.993896484375;6158.1455078125;7551.69482421875;34693.40625;68396.078125
52;1693.18505859375;0.0;1855.9658203125;15926.9521484375;1191.376708984375;6071.8955078125;7532.62255859375;34529.90234375;68801.4375
53;1718.254638671875;0.0;1830.8646240234375;16201.15625;1168.85888671875;6252.904296875;7788.31201171875;34414.12109375;69374.1328125
54;1710.7733154296875;1.1766647100448608;1664.694091796875;15804.4599609375;1246.4189453125;6331.6201171875;7673.8896484375;34162.53125;68595.203125
55;1648.1983642578125;0.0;1601.5228271484375;15585.95703125;1079.5540771484375;6441.6796875;7581.619140625;34495.93359375;68434.1640625
56;1861.686279296875;0.0;1636.960693359375;15988.4501953125;1194.95068359375;6441.25341796875;7487.07470703125;33641.25390625;68251.1328125
57;1657.490234375;0.0;1589.2611083984375;15798.166015625;1141.7777099609375;6593.08203125;7794.30615234375;33805.98828125;68379.6484375
58;1755.412109375;1.1766647100448608;1568.416748046875;15538.130859375;1179.170166015625;6494.93603515625;7563.103515625;33605.0;67704.8671875
59;1718.3240966796875;0.0;1642.1817626953125;16290.2421875;1215.805908203125;6439.3125;7867.609375;33070.8984375;68244.015625
60;1790.81494140625;0.0;2002.4681396484375;15919.85546875;1399.412353515625;6518.38427734375;8155.76513671875;33514.640625;69300.7890625
61;1601.3045654296875;0.0;1847.1453857421875;15429.880859375;1408.68212890625;6778.57177734375;7850.61083984375;34135.78125;69051.5703125
62;1827.5557861328125;0.2353329360485077;1775.0604248046875;15939.3681640625;1331.621337890625;6728.662109375;7876.75634765625;33801.00390625;69280.015625
63;1796.96826171875;0.0;1755.0941162109375;16314.921875;1213.2255859375;6485.79833984375;8089.82421875;34110.5546875;69765.6953125
64;1671.621337890625;0.7059987783432007;1770.006591796875;16172.5224609375;1368.4454345703125;6460.96923828125;8160.69287109375;33720.58984375;69325.234375
65;1857.5306396484375;0.0;1766.38671875;16146.7900390625;1270.212158203125;6445.099609375;8013.123046875;33614.57421875;69113.46875
66;1575.474853515625;0.0;1686.4434814453125;15259.583984375;1273.6666259765625;6511.16015625;7821.10498046875;33969.03515625;68095.9140625
67;1575.65771484375;0.0;1861.461181640625;15638.8896484375;1159.6304931640625;6706.93115234375;8268.6533203125;33537.9453125;68748.734375
68;1623.6761474609375;0.2353329360485077;1632.384521484375;15439.0166015625;1380.672119140625;6407.43212890625;7727.22119140625;33895.6015625;68105.9453125
69;1476.5166015625;0.0;1679.9471435546875;15754.998046875;1299.278076171875;6441.412109375;8069.66943359375;32824.01171875;67545.453125
70;1649.1724853515625;0.0;1566.7235107421875;15367.0791015625;1303.182861328125;6588.44384765625;8261.638671875;33139.625;67875.515625
71;1686.2257080078125;0.0;1703.3812255859375;15721.5927734375;1274.416259765625;6360.9814453125;8373.33203125;33287.80078125;68407.40625
72;1516.589111328125;0.4706658720970154;1701.578857421875;15894.53125;1376.4697265625;6463.7841796875;8037.4833984375;33471.4375;68461.8203125
73;1451.620849609375;0.2353329360485077;1624.6546630859375;15959.109375;1312.9486083984375;6428.27685546875;8269.640625;33634.05859375;68680.2109375
74;1751.442626953125;0.0;1699.1446533203125;15914.22265625;1360.1424560546875;6129.44140625;7815.08984375;33988.484375;68657.7578125
75;1524.62841796875;0.0;1688.8441162109375;15484.279296875;1093.0025634765625;6416.66796875;7706.35888671875;33685.46875;67598.875
76;1591.338623046875;0.0;1776.8011474609375;15726.4208984375;1223.224365234375;6514.6455078125;7765.73388671875;34007.390625;68604.9140625
77;1696.2908935546875;0.0;1867.325439453125;16139.966796875;1198.572265625;6601.3857421875;7905.5322265625;33884.37109375;69293.1796875
78;1498.078369140625;0.0;1602.03955078125;16470.4453125;1338.2283935546875;6654.7177734375;8034.7919921875;34315.9609375;69914.0234375
79;1635.5599365234375;0.0;1627.26904296875;16591.65625;1201.7132568359375;6683.6552734375;7850.34716796875;34506.2109375;70096.140625
80;1371.1588134765625;0.0;1546.55712890625;16164.2939453125;1359.7567138671875;6380.697265625;7709.49365234375;34168.078125;68699.703125
81;1642.94384765625;0.4706658720970154;1634.6416015625;16304.361328125;1203.6239013671875;6722.71435546875;8146.2685546875;33662.25390625;69316.796875
82;1452.570556640625;1.8826634883880615;1706.18701171875;16270.6396484375;1382.959716796875;6411.52490234375;7343.45849609375;33654.6796875;68223.515625
83;1414.3126220703125;0.4706658720970154;1574.866455078125;16293.720703125;1291.382080078125;6495.41015625;7285.1708984375;33377.609375;67732.34375
84;1382.6162109375;0.0;1720.8681640625;16331.0869140625;1229.345458984375;6455.41943359375;7387.86669921875;32839.47265625;67346.140625
85;1529.6329345703125;0.0;1682.9488525390625;16517.5546875;1298.3726806640625;6541.21142578125;7538.416015625;32485.7421875;67593.265625
86;1502.6693115234375;0.0;1764.61865234375;16202.6396484375;1388.9072265625;6661.25146484375;7229.2978515625;32811.171875;67560.078125
87;1477.64208984375;0.0;1808.9447021484375;16219.0703125;1395.2254638671875;6498.76708984375;7561.87451171875;32217.89453125;67178.9140625
88;1630.77978515625;0.0;1809.908447265625;16752.06640625;1321.195068359375;6467.2548828125;7869.76220703125;32327.201171875;68177.984375
89;1291.9822998046875;0.0;1861.579833984375;16653.85546875;1318.0487060546875;6399.64599609375;7290.97802734375;31776.86328125;66592.4375
90;1548.1431884765625;0.0;1718.5841064453125;16362.3427734375;1231.1954345703125;6677.04052734375;7505.72021484375;31894.21484375;66936.5234375
91;1411.833740234375;0.0;1419.3974609375;16357.388671875;1184.304931640625;6450.84326171875;7684.9892578125;31497.380859375;66005.6171875
92;1542.6800537109375;0.0;1582.0369873046875;16442.513671875;1159.4656982421875;6568.2734375;8128.95849609375;31927.935546875;67351.3984375
93;1584.029052734375;0.4706658720970154;1659.6890869140625;16231.2392578125;1346.3338623046875;6278.6318359375;8294.1357421875;31732.400390625;67126.390625
94;1657.5008544921875;0.0;1462.2684326171875;16131.205078125;1168.12451171875;6333.3759765625;7666.9677734375;31675.30078125;66094.21875
95;1477.21630859375;0.0;1759.4385986328125;15465.2373046875;1256.551513671875;6318.58203125;8386.1513671875;32090.08203125;66752.5625
96;1570.0496826171875;0.2353329360485077;1596.3458251953125;15870.671875;1097.1689453125;6322.7763671875;8180.037109375;32332.697265625;66969.5
97;1547.2056884765625;0.7059987783432007;1392.09228515625;16008.775390625;1158.026123046875;6241.71923828125;8177.53369140625;32246.990234375;66772.515625
98;1399.759765625;0.2353329360485077;1451.1309814453125;15908.26953125;1179.506591796875;6382.5205078125;8359.5556640625;32171.02734375;66851.5
99;1323.291259765625;0.2353329360485077;1493.914306640625;15952.75390625;1402.1790771484375;6488.38818359375;7905.9990234375;31960.4140625;66526.6953125
100;1317.2159423828125;0.4706658720970154;1654.552978515625;16255.671875;1285.568603515625;6196.84716796875;8013.38330078125;31380.08984375;66103.359375
101;1229.96826171875;0.2353329360485077;1428.08642578125;16268.7490234375;1366.9844970703125;6345.98095703125;8039.900390625;31619.671875;66299.1171875
102;1233.8848876953125;0.0;1474.4656982421875;17217.16015625;1407.9454345703125;6515.62451171875;7859.556640625;31604.890625;67313.0859375
103;1192.708251953125;0.4706658720970154;1474.1759033203125;16549.59765625;1341.2130126953125;6479.14111328125;7922.591796875;30983.0;65942.53125
104;1406.885009765625;0.2353329360485077;1596.46484375;16100.0439453125;1451.2022705078125;6776.35693359375;8635.2900390625;31464.548828125;67430.671875
105;1227.6334228515625;0.0;1528.3409423828125;16327.892578125;1379.2242431640625;6247.86669921875;7933.54296875;31279.59375;65923.5078125
106;1142.581298828125;0.2353329360485077;1626.323486328125;16411.05078125;1262.2215576171875;6248.74951171875;8051.59423828125;30534.259765625;65276.671875
107;1302.2894287109375;0.0;1414.1502685546875;16452.9296875;1247.5714111328125;6256.5478515625;8197.9609375;30800.072265625;65671.0234375
108;1112.8382568359375;0.4706658720970154;1458.0533447265625;16510.474609375;1397.4559326171875;6450.20947265625;7944.61328125;31031.833984375;65905.390625
109;1075.6807861328125;0.0;1528.08203125;16261.626953125;1250.1431884765625;6453.7919921875;8088.7705078125;30726.65234375;65384.2734375
110;1036.75;0.2353329360485077;1355.6522216796875;16566.88671875;1062.9852294921875;6451.146484375;7991.42333984375;31088.734375;65553.3984375
111;1078.1031494140625;0.2353329360485077;1553.6983642578125;16983.3125;1244.0025634765625;6481.18310546875;7935.18505859375;30859.0234375;66134.1875
112;1025.51416015625;0.0;1601.7076416015625;16582.80859375;1278.256103515625;6219.52099609375;7990.4853515625;30722.703125;65420.50390625
113;1156.8763427734375;0.4706658720970154;1551.81689453125;16090.4453125;1296.0013427734375;6241.306640625;8123.12841796875;31161.2734375;65620.7421875
114;1001.3145141601563;0.7059987783432007;1557.453369140625;16172.521484375;1089.794677734375;6172.291015625;8102.22021484375;31231.724609375;65327.5703125
115;1070.109375;0.0;1399.6463623046875;16436.447265625;1116.6480712890625;6170.1376953125;8267.21484375;31793.703125;66253.46875
116;992.1469116210938;0.0;1497.2659912109375;16050.5546875;1246.3260498046875;6355.76416015625;8191.0537109375;30683.69140625;65016.3828125
117;1028.5247802734375;0.0;1372.5555419921875;16345.3359375;1462.5614013671875;6446.896484375;8011.23583984375;30586.3828125;65252.9609375
118;1073.610107421875;0.0;1508.3243408203125;16260.2724609375;1160.417236328125;6537.7763671875;7683.26171875;31353.44921875;65576.59375
119;1170.3028564453125;0.9413317441940308;1552.925537109375;16133.75;1373.3748779296875;6408.4169921875;8045.40869140625;30565.80078125;65250.4765625
120;1021.1810302734375;1.1766647100448608;1403.349365234375;16473.23046875;1246.3836669921875;6365.17529296875;8349.947265625;31164.326171875;66024.171875
121;1002.9302978515625;0.0;1349.2696533203125;16333.380859375;1309.1654052734375;6229.86572265625;7622.564453125;31152.3671875;64998.97265625
122;1203.5828857421875;0.4706658720970154;1444.4754638671875;16207.130859375;1301.58837890625;6330.1083984375;8605.4501953125;31139.462890625;66231.828125
123;1035.079833984375;0.0;1486.8145751953125;15889.982421875;1409.5361328125;6237.7392578125;8424.0849609375;30498.8828125;64981.59375
124;1032.792724609375;0.2353329360485077;1521.7628173828125;16120.5947265625;1193.5269775390625;6188.81396484375;8572.162109375;30665.2578125;65294.63671875
125;1043.998779296875;0.0;1493.17724609375;15577.6806640625;1325.1685791015625;6657.75439453125;8318.544921875;30939.447265625;65355.15234375
126;1199.6405029296875;0.0;1402.485107421875;16528.26953125;1056.92236328125;6341.552734375;8649.8271484375;30863.880859375;66042.0078125
127;959.0923461914063;0.0;1300.1759033203125;16248.0166015625;1284.4356689453125;6121.1923828125;8402.05078125;30668.375;64982.7578125
128;1046.3345947265625;0.0;1506.580078125;16042.7958984375;1508.5321044921875;6175.82470703125;8621.1572265625;30452.20703125;65352.8984375
129;1024.1798095703125;0.4706658720970154;1417.4708251953125;16356.0771484375;1304.1783447265625;5920.0732421875;8381.6318359375;30507.474609375;64910.98046875
130;988.1183471679688;0.0;1358.3648681640625;16389.546875;1307.971923828125;6297.591796875;8295.2763671875;30836.482421875;65472.828125
131;985.131591796875;0.9413317441940308;1534.7640380859375;16400.697265625;1330.48046875;6235.13427734375;8751.1337890625;30446.005859375;65683.8125
132;1067.1405029296875;0.4706658720970154;1366.848388671875;16471.935546875;1310.346923828125;6096.9404296875;7963.96630859375;30855.71484375;65132.796875
133;1102.029541015625;1.1766645908355713;1563.9222412109375;16842.744140625;1418.9378662109375;6380.67626953125;8487.2216796875;30285.58203125;66081.75
134;1194.7154541015625;0.4706658720970154;1742.7255859375;16721.63671875;1308.547119140625;6027.66845703125;8527.9736328125;30250.201171875;65773.359375
135;1176.9779052734375;0.7059987783432007;1552.363525390625;16504.29296875;1296.607177734375;6116.30908203125;8548.095703125;30131.873046875;65326.6640625
136;1106.1776123046875;0.0;1643.524169921875;17081.021484375;1280.12109375;6089.84130859375;8819.767578125;29437.83203125;65457.875
137;906.3004150390625;1.1766645908355713;1512.4830322265625;16660.59765625;1316.607666015625;6362.21630859375;8161.9892578125;29516.193359375;64437.1875
138;1016.272216796875;0.0;1608.9547119140625;16633.517578125;1405.0650634765625;6267.68115234375;8418.03515625;29481.970703125;64831.15234375
139;1029.71142578125;0.0;1389.8211669921875;16259.6611328125;1356.8231201171875;6316.369140625;8495.6611328125;29575.859375;64423.37109375
140;1016.7197875976563;0.0;1457.67919921875;16534.482421875;1240.3446044921875;6048.41455078125;8174.0166015625;29873.439453125;64344.5859375
141;985.3146362304688;0.0;1414.0494384765625;16521.830078125;1309.1845703125;6196.68212890625;8627.271484375;29356.92578125;64410.828125
142;937.423583984375;0.0;1237.8968505859375;16798.63671875;1306.9908447265625;6238.47900390625;8105.31201171875;29374.2890625;63998.60546875
143;853.8246459960938;0.4706658720970154;1406.8031005859375;16633.8046875;1453.1229248046875;6406.619140625;8484.029296875;30356.275390625;65594.515625
144;918.1173095703125;0.2353329360485077;1466.759765625;16340.62890625;1369.4844970703125;6711.58251953125;8479.2431640625;30029.099609375;65314.6015625
145;961.5402221679688;0.2353329360485077;1481.5308837890625;16312.8740234375;1332.0670166015625;6828.80224609375;8489.185546875;29775.255859375;65181.08203125
146;996.0370483398438;0.0;1189.0283203125;16071.2421875;1428.4891357421875;6583.78466796875;8495.7578125;29903.923828125;64667.8828125
147;1075.821044921875;0.0;1475.3751220703125;16432.083984375;1353.512939453125;6430.73193359375;8799.791015625;29747.177734375;65313.86328125
148;878.0745849609375;0.0;1360.423828125;16016.7666015625;1411.4395751953125;6448.06591796875;8720.494140625;30126.96484375;64961.9296875
149;936.8677978515625;0.0;1358.685302734375;16237.6416015625;1442.48828125;6503.91650390625;9132.4296875;30852.630859375;66464.2109375
150;900.4848022460938;0.0;1428.7774658203125;16161.16796875;1118.9981689453125;6605.49560546875;8680.5283203125;29967.3828125;64862.38671875
151;949.4216918945313;0.0;1515.93017578125;15717.7001953125;1492.4237060546875;6389.9921875;8941.501953125;29571.916015625;64578.453125
152;1113.2728271484375;0.0;1280.3621826171875;15911.4248046875;1388.41455078125;6244.20654296875;8900.1533203125;30096.810546875;64934.1796875
153;1076.769287109375;0.0;1524.222900390625;15716.6376953125;1533.87744140625;6344.2998046875;8721.30859375;30348.25390625;65264.796875
154;1101.496826171875;0.0;1378.7396240234375;16124.55859375;1560.6412353515625;6303.296875;8621.6572265625;29959.314453125;65049.0625
155;1039.6053466796875;0.0;1507.79638671875;16295.6298828125;1488.003173828125;6104.80908203125;8544.02734375;29916.849609375;64896.375
156;1179.2569580078125;0.9413317441940308;1528.8204345703125;15283.7705078125;1398.4412841796875;6204.0322265625;8189.12841796875;30129.224609375;63912.9609375
157;1139.3740234375;0.0;1569.623046875;15493.8681640625;1255.88427734375;5941.64697265625;8783.8173828125;30182.791015625;64366.60546875
158;1049.962646484375;0.0;1630.68701171875;15769.3564453125;1523.4986572265625;6221.6513671875;8879.67578125;30040.330078125;65114.4921875
159;1018.78173828125;0.0;1545.1856689453125;15819.7412109375;1393.9603271484375;6367.90673828125;9120.75;29977.01171875;65242.8984375
160;1038.7386474609375;0.0;1407.5496826171875;15738.3359375;1266.7401123046875;6334.8828125;8871.1279296875;30260.228515625;64917.375
161;1167.363037109375;0.0;1476.802734375;16197.0478515625;1398.513427734375;6482.93994140625;8826.6337890625;30010.24609375;65559.0390625
162;1047.246337890625;0.0;1391.9927978515625;15919.7109375;1259.195068359375;6208.90283203125;8701.9453125;30027.873046875;64556.26953125
163;998.2800903320313;0.0;1420.7698974609375;16125.0556640625;1372.5692138671875;6496.353515625;8815.189453125;29570.28125;64798.1875
164;976.20556640625;0.0;1501.432861328125;15647.1259765625;1403.327880859375;6309.3896484375;8579.22265625;29843.587890625;64259.75
165;1074.0570068359375;0.0;1420.775634765625;15630.1337890625;1622.994140625;6333.06005859375;8803.7119140625;29267.341796875;64151.62109375
166;1059.8720703125;0.0;1460.963623046875;16043.5244140625;1773.7396240234375;6384.6416015625;8571.337890625;28957.109375;64250.83203125
167;1114.5584716796875;0.0;1488.2366943359375;16115.7353515625;1416.4007568359375;6202.09765625;8756.357421875;29239.255859375;64332.0546875
168;1100.4539794921875;0.0;1402.100830078125;16202.9296875;1407.8985595703125;6350.56884765625;9110.5419921875;29310.853515625;64884.78125
169;1149.8404541015625;0.0;1416.9005126953125;16208.6552734375;1274.4984130859375;6509.96630859375;8622.3583984375;29297.623046875;64479.11328125
170;1059.1116943359375;0.0;1315.8756103515625;16200.9482421875;1181.6182861328125;6317.72021484375;8761.6279296875;29978.693359375;64815.1484375
171;968.1962280273438;0.0;1287.320068359375;16013.650390625;1389.4713134765625;6268.19970703125;9137.306640625;29777.404296875;64841.10546875
172;904.6101684570313;0.0;1231.7677001953125;16348.0048828125;1306.1439208984375;6395.75;8504.4296875;29762.130859375;64452.3125
173;841.3370361328125;0.0;1243.44189453125;16257.904296875;1404.1773681640625;6350.962890625;8856.0234375;29932.4765625;64885.7578125
174;909.2703857421875;0.0;1386.38525390625;16213.7353515625;1304.6845703125;6296.11865234375;8701.5810546875;29181.625;63992.96875
175;891.5576171875;0.0;1380.581298828125;15798.4970703125;1263.6912841796875;6345.63916015625;8958.5341796875;29666.884765625;64305.0
176;962.65283203125;0.0;1308.325927734375;16291.4140625;1416.6986083984375;6264.50927734375;8342.2685546875;29759.470703125;64344.8203125
177;883.2015380859375;0.0;1362.8536376953125;15663.013671875;1551.86279296875;6558.66015625;9214.869140625;29690.0078125;64923.98046875
178;1038.7022705078125;0.0;1409.384033203125;16010.302734375;1434.5811767578125;6520.744140625;8900.8310546875;29112.255859375;64426.3046875
179;881.1226806640625;0.0;1187.191650390625;16049.662109375;1468.19677734375;6387.677734375;8477.89453125;29436.814453125;63888.0078125
180;968.4879150390625;2.1179964542388916;1162.86328125;15794.162109375;1406.1700439453125;6250.66845703125;8518.2080078125;29288.4765625;63390.765625
181;973.6526489257813;0.0;1201.2464599609375;16316.5888671875;1203.5146484375;6172.0107421875;8783.2841796875;29643.900390625;64293.7265625
182;955.978515625;1.4119975566864014;1177.869140625;16352.2060546875;1265.184326171875;6668.505859375;9013.333984375;29030.16796875;64464.22265625
183;877.2521362304688;0.2353329360485077;1101.9010009765625;15990.0322265625;1332.9569091796875;6566.98583984375;8602.7060546875;29218.849609375;63690.5234375
184;900.4307861328125;0.2353329360485077;1367.5692138671875;15780.3330078125;1302.69775390625;6556.32666015625;8590.958984375;29347.0234375;63845.078125
185;1013.9191284179688;0.0;1400.7049560546875;15868.9111328125;1254.28466796875;6202.49365234375;8235.4375;29014.853515625;62990.27734375
186;952.151123046875;0.0;1409.093017578125;16175.166015625;1141.982177734375;6412.66357421875;8495.9130859375;28945.412109375;63531.96484375
187;996.1646728515625;0.0;1267.399658203125;16043.8310546875;1052.632568359375;6184.2568359375;8777.7646484375;29389.685546875;63711.39453125
188;1018.8656616210938;0.4706658720970154;1495.6688232421875;15876.3408203125;1301.322021484375;6444.51513671875;8802.291015625;29777.693359375;64716.66015625
189;863.1386108398438;0.2353329360485077;1452.6182861328125;15968.408203125;1137.7064208984375;6303.8740234375;8244.234375;29010.9921875;62980.734375
190;820.6824340820313;0.0;1432.9102783203125;15478.357421875;1372.88818359375;6437.0390625;8642.55078125;29293.51953125;63477.55859375
191;807.5556640625;0.2353329360485077;1267.0992431640625;15632.728515625;1310.237060546875;6362.4775390625;8663.19921875;29723.25;63766.34765625
192;913.3259887695313;0.0;1414.28564453125;16065.65234375;1130.8455810546875;6448.21142578125;8707.880859375;29252.8203125;63932.59375
193;930.1363525390625;0.0;1290.0009765625;15950.9482421875;1331.10302734375;6253.05419921875;8397.5546875;28799.27734375;62951.515625
194;919.9069213867188;0.0;1373.907470703125;16117.130859375;1331.4217529296875;6015.64453125;8918.919921875;29515.873046875;64192.4453125
195;848.1109619140625;0.0;1287.2742919921875;15923.45703125;1269.891845703125;6110.6611328125;8312.578125;29063.16796875;62814.56640625
196;860.1788940429688;0.0;1237.9041748046875;16034.2197265625;1282.5194091796875;6122.57275390625;8881.259765625;29030.3046875;63448.375
197;856.3596801757813;0.0;1267.338623046875;16753.140625;1467.0318603515625;6152.060546875;8729.3017578125;28945.197265625;64169.88671875
198;817.6038818359375;0.0;1347.2999267578125;16538.734375;1387.227783203125;6046.69580078125;8695.390625;28687.388671875;63519.91796875
199;974.37158203125;0.0;1185.1876220703125;16487.916015625;1239.89208984375;6059.05615234375;8835.775390625;28721.2734375;63502.9609375
200;973.1998291015625;0.0;1273.5714111328125;16137.3779296875;1296.6258544921875;6192.1669921875;8942.9111328125;28473.66796875;63288.9765625
201;862.2061157226563;0.0;1328.871337890625;15839.234375;1422.6964111328125;6085.91796875;8933.7763671875;28605.5546875;63077.6875
202;1014.2025756835938;0.4706658720970154;1189.9891357421875;16047.2900390625;1401.521728515625;6339.548828125;9407.4560546875;28645.7578125;64045.6953125
203;1018.3150634765625;0.0;1177.1424560546875;15426.0966796875;1370.2818603515625;6457.93994140625;8700.392578125;28782.48046875;62932.203125
204;874.2791748046875;0.0;1250.170654296875;15599.4794921875;1499.0977783203125;6205.62255859375;9135.603515625;29015.23828125;63579.1953125
205;905.6409912109375;0.2353329360485077;1057.057861328125;15580.13671875;1440.2432861328125;6118.19775390625;8580.7353515625;29157.8828125;62839.59765625
206;818.8446044921875;0.0;1165.6351318359375;15843.279296875;1337.98388671875;5955.2294921875;8766.533203125;28866.58984375;62753.65625
207;780.3412475585938;0.2353329360485077;1091.267822265625;15607.4365234375;1402.5828857421875;5989.265625;8725.548828125;29077.712890625;62673.9921875
208;913.2373046875;0.0;1061.97998046875;16010.8623046875;1312.3658447265625;6106.8427734375;8787.330078125;29006.025390625;63198.17578125
209;937.8568115234375;0.0;1169.789794921875;16085.3046875;1504.3922119140625;6135.66162109375;9255.8447265625;28711.02734375;63799.4921875
210;837.71630859375;0.0;1026.827880859375;15744.96875;1337.4188232421875;5903.29833984375;8796.4453125;29107.8046875;62754.01171875
211;811.8392333984375;0.0;1140.5604248046875;15957.708984375;1341.971435546875;6128.998046875;8413.087890625;29077.91015625;62871.82421875
212;922.1656494140625;0.0;1138.1180419921875;15851.15234375;1494.0093994140625;5938.912109375;8694.123046875;29356.29296875;63394.29296875
213;774.603271484375;0.2353329360485077;1070.8563232421875;15701.0224609375;1492.346923828125;6313.63134765625;8325.0595703125;29039.669921875;62717.00390625
214;886.9857177734375;0.0;1162.3104248046875;16132.6201171875;1566.706298828125;5846.93017578125;8399.48046875;28874.01171875;62868.6953125
215;886.31396484375;0.0;1305.659912109375;16246.927734375;1479.845947265625;6015.279296875;9130.4287109375;28888.294921875;63952.2890625
216;931.677734375;0.0;1184.1971435546875;16173.447265625;1550.04248046875;6163.57470703125;8966.1826171875;28862.783203125;63831.484375
217;1050.0048828125;0.2353329360485077;1173.052978515625;15846.859375;1301.6268310546875;6250.2041015625;8390.25390625;28641.26953125;62653.0078125
218;1211.655029296875;0.0;1282.551025390625;16590.857421875;1569.6109619140625;6175.34130859375;8807.8818359375;28385.595703125;64023.01953125
219;846.0570678710938;0.0;1316.669921875;15831.30078125;1637.270751953125;6055.81982421875;8518.9892578125;28404.173828125;62609.7578125
220;970.8580322265625;0.0;1303.984130859375;16148.966796875;1653.4945068359375;6290.30078125;8853.7099609375;28886.3359375;64107.3046875
221;812.9319458007813;0.0;1136.61328125;15775.3681640625;1496.13134765625;6041.8251953125;8878.181640625;28756.439453125;62897.0859375
222;856.0628662109375;0.0;1132.4197998046875;16055.994140625;1476.8485107421875;6323.802734375;8625.6455078125;28255.154296875;62725.4296875
223;865.733154296875;0.0;1140.4632568359375;14916.5078125;1559.015625;6228.36376953125;8097.76416015625;28911.373046875;61718.79296875
224;912.1289672851563;0.0;1153.907470703125;15509.9755859375;1370.0726318359375;6248.82470703125;9080.5615234375;29048.869140625;63323.95703125
225;806.7977294921875;0.2353329360485077;1233.6055908203125;15631.9931640625;1389.6796875;6078.37060546875;9003.267578125;29101.322265625;63244.8984375
226;841.5147705078125;0.0;1205.9658203125;15720.3447265625;1404.9169921875;6026.27978515625;9065.5009765625;28927.953125;63192.18359375
227;730.4523315429688;0.0;1224.409423828125;14978.287109375;1415.6910400390625;5939.03369140625;8724.919921875;28809.11328125;61821.40625
228;859.8566284179688;0.0;1195.6312255859375;14724.04296875;1433.5003662109375;6038.11865234375;8892.7802734375;29426.287109375;62569.9609375
229;866.0808715820313;0.0;1213.593994140625;14887.8818359375;1450.3778076171875;6021.59619140625;9023.6552734375;28953.646484375;62416.26953125
230;771.4676513671875;0.0;1227.1099853515625;15612.7763671875;1420.4532470703125;5907.54833984375;9098.2265625;28283.30078125;62320.4375
231;732.293701171875;0.0;1098.787109375;15680.9951171875;1428.1834716796875;5892.9580078125;8647.6904296875;28551.70703125;62032.19140625
232;705.7971801757813;0.0;1122.841796875;15426.359375;1547.095703125;6125.98486328125;9155.5732421875;28418.892578125;62502.0703125
233;825.9296264648438;0.4706658720970154;1198.27587890625;16053.9755859375;1478.09814453125;6024.154296875;8829.015625;28194.83203125;62604.3125
234;762.5303344726563;0.0;1197.6015625;15598.630859375;1330.329345703125;6214.9873046875;8661.34765625;28045.986328125;61810.7578125
235;818.2939453125;0.0;1135.685546875;15525.9501953125;1305.4847412109375;6336.7314453125;9101.05078125;28103.62890625;62326.30859375
236;814.495361328125;0.0;1337.3739013671875;16128.0146484375;1210.1160888671875;6253.4970703125;9064.6396484375;28094.42578125;62902.171875
237;692.8934936523438;0.0;1295.119384765625;15357.69140625;1379.7470703125;6192.05224609375;8412.0146484375;27927.16015625;61256.26953125
238;892.601806640625;0.0;1291.7509765625;15600.97265625;1294.846923828125;6356.04150390625;8965.7373046875;28583.126953125;62984.65625
239;810.03125;0.0;1234.365234375;15873.6376953125;1255.8631591796875;6325.89208984375;9079.5078125;28134.93359375;62713.8125
240;838.2327880859375;0.0;1222.96337890625;16485.716796875;1408.2822265625;6397.240234375;9042.4560546875;28481.0859375;63875.41796875
241;808.3307495117188;0.0;1291.7615966796875;16089.1552734375;1349.1531982421875;6413.962890625;8990.703125;27701.447265625;62644.11328125
242;735.788818359375;0.0;1159.920166015625;15570.509765625;1300.9678955078125;6384.76611328125;9488.5947265625;27735.267578125;62375.421875
243;816.9867553710938;0.0;1183.3162841796875;15915.7890625;1386.408203125;6342.78466796875;9572.78125;28524.07421875;63741.66796875
244;697.9304809570313;0.0;1145.30517578125;15317.390625;1527.0615234375;6194.95947265625;9036.9892578125;28188.24609375;62107.484375
245;698.5916748046875;0.0;1151.04296875;15512.333984375;1499.502685546875;6099.01806640625;9163.8798828125;28318.57421875;62442.54296875
246;703.1781005859375;0.0;983.67919921875;15607.19921875;1555.3228759765625;6313.56787109375;9285.818359375;28472.26171875;62920.671875
247;806.7756958007813;0.2353329360485077;1044.2923583984375;15593.251953125;1422.753662109375;6208.36181640625;9155.6025390625;28809.482421875;63040.2265625
248;860.8364868164063;0.0;1048.8780517578125;15671.09375;1346.3013916015625;6283.5576171875;9033.876953125;28790.43359375;63034.5078125
249;738.1248168945313;0.0;1126.645263671875;14995.6044921875;1492.0306396484375;6069.56884765625;9055.419921875;28414.689453125;61891.671875
250;729.6593627929688;0.0;1164.2347412109375;15184.5751953125;1424.2230224609375;6187.93310546875;8690.3212890625;27848.935546875;61229.4765625
251;818.8118286132813;0.0;1130.0294189453125;15003.8798828125;1710.25244140625;6101.98388671875;8483.6025390625;28314.775390625;61562.984375
252;989.1708374023438;0.0;1138.197265625;15236.71484375;1325.1458740234375;6236.873046875;9007.6025390625;28769.822265625;62703.1875
253;884.2714233398438;0.0;1053.382568359375;15347.048828125;1238.2933349609375;6293.31591796875;9583.9951171875;28454.775390625;62854.75
254;809.3882446289063;0.0;1086.56689453125;15295.14453125;1486.65576171875;6430.11474609375;9140.2099609375;27775.4140625;62023.03125
255;914.6964111328125;0.0;1136.88818359375;15160.6923828125;1376.86669921875;6180.72021484375;9226.734375;28086.875;62082.88671875
256;803.1279296875;0.0;1162.058837890625;15242.576171875;1393.595947265625;6247.6728515625;8544.6005859375;28439.677734375;61832.76953125
257;766.1202392578125;0.0;1029.0989990234375;15584.3818359375;1354.0531005859375;6261.62255859375;8876.4873046875;28347.501953125;62218.6953125
258;902.0465698242188;0.0;1092.216796875;15841.3017578125;1340.446044921875;6275.0634765625;8602.236328125;28607.388671875;62660.20703125
259;876.6068115234375;0.0;1050.533203125;15855.044921875;1269.666748046875;6053.13232421875;9117.3076171875;28268.61328125;62490.390625
260;864.776611328125;0.0;1077.26513671875;15607.900390625;1332.918701171875;6289.67822265625;8740.0986328125;28142.11328125;62054.3828125
261;1022.0968627929688;0.4706658720970154;1024.9896240234375;15901.0908203125;1486.6229248046875;6217.5029296875;8533.3251953125;28277.83203125;62463.51171875
262;827.4135131835938;0.2353329360485077;1083.7059326171875;15909.001953125;1526.0517578125;5942.39111328125;9086.0517578125;28412.88671875;62787.27734375
263;859.7332153320313;0.0;1033.9486083984375;15631.810546875;1498.43115234375;5891.69970703125;9031.5244140625;28198.845703125;62145.48828125
264;844.4343872070313;0.0;964.25146484375;15515.48046875;1536.4678955078125;6008.87060546875;8981.732421875;28726.0625;62576.82421875
265;897.7371215820313;0.0;1022.3392944335938;15631.9580078125;1752.1201171875;6042.08984375;9184.4482421875;28256.107421875;62786.33203125
266;764.1427001953125;0.0;1017.8189086914063;15850.265625;1720.861572265625;5929.32763671875;8952.72265625;28375.49609375;62610.09375
267;934.4364624023438;0.7059987783432007;1167.170166015625;15587.05859375;1348.2894287109375;6131.9267578125;8477.05859375;27905.0546875;61551.3125
268;914.8828735351563;0.0;1070.397705078125;15911.1826171875;1549.5858154296875;5803.19921875;8720.986328125;28041.359375;62011.12890625
269;921.4454345703125;0.0;987.408203125;15485.2353515625;1412.10498046875;6216.29833984375;8610.275390625;28149.681640625;61782.0546875
270;742.6171875;0.0;1004.2122192382813;15405.8994140625;1449.9798583984375;6249.7216796875;8960.3623046875;28303.556640625;62116.1015625
271;720.1100463867188;0.0;1059.7230224609375;15686.3134765625;1405.1693115234375;6047.1201171875;9146.6455078125;28021.396484375;62086.01171875
272;726.892822265625;0.2353329360485077;1227.486572265625;15769.7529296875;1456.8482666015625;5912.70263671875;9336.7060546875;28284.3515625;62714.6875
273;738.1937255859375;0.0;1080.7332763671875;15333.001953125;1503.9373779296875;5819.9130859375;8797.9873046875;28498.005859375;61771.38671875
274;826.8812866210938;0.0;1170.261474609375;15509.677734375;1546.72412109375;6094.57763671875;8888.9013671875;28615.3828125;62651.83203125
275;766.8856201171875;0.2353329360485077;1185.199462890625;15521.296875;1296.3734130859375;6096.279296875;9028.2607421875;28364.6171875;62258.796875
276;824.3045654296875;0.2353329360485077;1219.3787841796875;16032.466796875;1506.0810546875;6210.64208984375;9095.6962890625;28567.578125;63455.84375
277;778.0475463867188;0.0;1144.041748046875;15659.3349609375;1581.656005859375;6048.52978515625;8911.783203125;28198.525390625;62321.5078125
278;750.072998046875;1.1766647100448608;1130.503173828125;15715.15234375;1457.27197265625;6132.66796875;9058.3388671875;28341.37890625;62586.21484375
279;749.5162963867188;0.0;1068.8729248046875;15936.2861328125;1321.5147705078125;6022.025390625;9076.5546875;28035.767578125;62210.23046875
280;780.3394775390625;0.0;1125.6165771484375;15775.1572265625;1435.3531494140625;6128.91064453125;8573.1748046875;28115.953125;61934.20703125
281;708.0267333984375;0.0;1127.93505859375;15873.4658203125;1528.8924560546875;6241.015625;9376.6630859375;28193.181640625;63048.83984375
282;687.5850219726563;0.4706658720970154;1030.4447021484375;15870.1455078125;1451.2508544921875;6232.6357421875;8983.2333984375;27959.96875;62215.296875
283;816.9978637695313;0.0;1069.9598388671875;16052.2890625;1424.372314453125;6119.24365234375;8947.763671875;28456.5;62886.53515625
284;700.734130859375;0.0;1131.0958251953125;15344.224609375;1340.3175048828125;6252.3056640625;8793.9169921875;28463.740234375;62025.984375
285;735.38330078125;0.2353329360485077;1040.23681640625;15509.646484375;1286.410888671875;6029.56103515625;8916.484375;28031.58203125;61549.04296875
286;732.821533203125;0.0;1228.79833984375;15476.8359375;1329.8409423828125;5858.47216796875;8955.8095703125;28042.91015625;61625.0234375
287;753.5404663085938;0.0;1153.4976806640625;15699.60546875;1335.241943359375;6071.6376953125;8947.12109375;27840.29296875;61800.48046875
288;672.6976318359375;0.0;1027.92578125;15901.3310546875;1175.586181640625;6183.64501953125;9033.0244140625;28148.607421875;62142.3984375
289;647.8873901367188;0.0;1002.0409545898438;15887.6279296875;1225.7022705078125;6214.67431640625;9122.4150390625;28097.078125;62197.1015625
290;681.9354248046875;0.0;1041.9136962890625;15825.96875;1395.751708984375;6342.931640625;8769.0126953125;28219.8125;62276.87109375
291;719.904052734375;0.0;1083.1053466796875;15781.9609375;1211.7431640625;6313.22265625;9063.978515625;28046.83984375;62220.1875
292;637.8220825195313;0.2353329360485077;966.7105712890625;15658.8359375;1326.03076171875;6240.728515625;8738.158203125;28454.81640625;62022.96484375
293;801.3043212890625;0.0;955.7437744140625;16120.6865234375;1411.6839599609375;6414.24658203125;8915.1484375;28249.279296875;62867.68359375
294;759.797119140625;0.2353329360485077;1023.798828125;16149.1162109375;1373.5828857421875;6222.91064453125;9389.7490234375;28667.767578125;63586.453125
295;726.4348754882813;0.0;1002.7821655273438;15748.4775390625;1368.92431640625;6286.4287109375;8983.001953125;27922.41015625;62037.9375
296;843.199951171875;0.4706658720970154;1069.8968505859375;15973.7744140625;1514.2974853515625;6259.3271484375;9295.404296875;28283.716796875;63239.57421875
297;760.1309814453125;0.0;1021.2632446289063;15972.158203125;1492.259521484375;6554.71728515625;9142.9541015625;28169.609375;63112.78515625
298;798.391845703125;0.0;1287.4525146484375;15443.5;1534.552978515625;6318.734375;9047.7958984375;29113.9453125;63543.9375
299;767.1117553710938;0.0;1065.68701171875;15651.7734375;1567.591796875;6663.9912109375;9133.697265625;28568.1015625;63417.37890625
