H - H,H - H,H - C,H - C,H - N,H - N,H - O,H - O,H - F,H - F,H - S,H - S,H - Cl,H - Cl,H - Au,H - Au,C - C,C - C,C - N,C - N,C - O,C - O,C - F,C - F,C - S,C - S,C - Cl,C - Cl,C - Au,C - Au,N - N,N - N,N - O,N - O,N - F,N - F,N - S,N - S,N - Cl,N - Cl,N - Au,N - Au,O - O,O - O,O - F,O - F,O - S,O - S,O - Cl,O - Cl,O - Au,O - Au,F - F,F - F,F - S,F - S,F - Cl,F - Cl,F - Au,F - Au,S - S,S - S,S - Cl,S - Cl,S - Au,S - Au,Cl - Cl,Cl - Cl,Cl - Au,Cl - Au,Au - Au,Au - Au
13002.567,0.0015090004,16296.089,391.4247,637.7826,4.5757284,3312.8672,14.630881,89.25146,0.0,527.23,0.083888516,0.0,0.0,348.9136,0.0,3531.803,0.048827037,524.0143,0.08430029,2187.497,2.232463,97.21488,0.030213568,207.44272,1.26346185e-05,0.0,0.0,92.95349,0.0,18.89571,0.0,121.511284,0.0,13.568029,0.0,0.20726867,0.0,0.0,0.0,0.14892264,0.0,250.61485,0.0,30.849792,0.0,0.63151807,0.0,0.0,0.0,0.19705494,0.0,7.682901,0.0,0.04709509,0.0,0.0,0.0,0.0,0.0,21.935314,0.0,0.0,0.0,86.423134,0.0,0.0,0.0,0.0,0.0,1375.7479,0.0
13014.952,0.0014661993,16311.898,391.4445,641.32324,4.57134,3325.9958,14.628669,91.115005,0.0,526.88214,0.08393928,0.0,0.0,356.0493,7.058444e-08,3534.8677,0.04699007,525.4128,0.08443086,2189.8896,2.2672486,97.37144,0.031137027,207.29436,1.30816525e-05,0.0,0.0,94.35805,0.0,18.849768,0.0,123.20796,0.0,13.580169,0.0,0.1435742,0.0,0.0,0.0,0.11584619,0.0,247.72343,0.0,30.906788,0.0,0.56478447,0.0,0.0,0.0,0.33734143,0.0,7.6870046,0.0,0.007513831,0.0,0.0,0.0,0.0,0.0,21.882153,0.0,0.0,0.0,87.82876,0.0,0.0,0.0,0.0,0.0,1373.6387,0.0
13016.804,0.0014889123,16317.16,391.425,641.7173,4.569205,3309.855,14.624762,94.88526,0.0,526.555,0.08392491,0.0,0.0,348.84592,1.5685433e-08,3537.7834,0.048216138,525.368,0.08263192,2184.6516,2.2670205,99.05439,0.028383486,206.85422,1.23601185e-05,0.0,0.0,92.37371,0.0,18.855442,0.0,121.80994,0.0,14.012479,0.0,0.16098574,0.0,0.0,0.0,0.07364568,0.0,248.1513,0.0,31.04057,0.0,0.6296991,0.0,0.0,0.0,0.14303787,0.0,7.661534,0.0,0.0,0.0,0.0,0.0,0.0,0.0,21.817892,0.0,0.0,0.0,86.82107,0.0,0.0,0.0,0.0,0.0,1372.8158,0.0
13033.744,0.0016309777,16336.819,391.38907,647.89734,4.566656,3323.0564,14.635665,95.01063,0.0,523.736,0.083946794,0.0,0.0,344.86218,6.274173e-08,3541.9263,0.04868919,527.3802,0.08384264,2192.227,2.285138,99.883995,0.03133241,206.0326,1.3567903e-05,0.0,0.0,90.85801,0.0,18.687878,0.0,123.06662,0.0,13.997095,0.0,0.17052282,0.0,0.0,0.0,0.08066615,0.0,249.35323,0.0,31.584408,0.0,0.50517815,0.0,0.0,0.0,0.13007031,0.0,7.7689176,0.0,0.005376503,0.0,0.0,0.0,0.0,0.0,21.903833,0.0,0.0,0.0,87.68648,0.0,0.0,0.0,0.0,0.0,1375.9559,0.0
13010.083,0.001480503,16303.915,391.4051,639.41895,4.5746856,3313.199,14.637175,96.83417,0.0,525.8405,0.083913855,0.0,0.0,347.7584,1.0979802e-07,3531.2214,0.047834646,523.3206,0.08417712,2187.5134,2.289462,100.349045,0.027315635,206.70764,1.2469927e-05,0.0,0.0,92.1387,0.0,18.203152,0.0,122.274765,0.0,13.926371,0.0,0.15597118,0.0,0.0,0.0,0.07750671,0.0,249.91077,0.0,31.850311,0.0,0.54661185,0.0,0.0,0.0,0.22661556,0.0,7.7767577,0.0,0.0052936883,0.0,0.0,0.0,0.0,0.0,21.824741,0.0,0.0,0.0,87.28108,0.0,0.0,0.0,0.0,0.0,1376.6885,0.0
12986.676,0.001499858,16291.033,391.45078,641.83527,4.575316,3309.6477,14.638823,93.83865,7.842717e-09,525.2658,0.08392268,0.0,0.0,347.1954,9.41126e-08,3529.98,0.049028788,525.38513,0.08280812,2184.4204,2.215251,99.73284,0.029961264,206.39494,1.2462078e-05,0.0,0.0,91.8254,0.0,18.757439,0.0,123.04061,0.0,13.878634,0.0,0.16577518,0.0,0.0,0.0,0.091018595,0.0,247.81924,0.0,31.835354,0.0,0.53815407,0.0,0.0,0.0,0.15048957,0.0,7.8346243,0.0,0.0,0.0,0.0,0.0,0.0,0.0,21.761753,0.0,0.0,0.0,86.994835,0.0,0.0,0.0,0.0,0.0,1376.0201,0.0
13038.735,0.001561027,16336.314,391.43008,643.17584,4.569476,3325.9167,14.641528,95.920006,0.0,530.73895,0.08393195,0.0,0.0,351.6693,1.0979804e-07,3538.4043,0.047009032,525.37866,0.081740364,2192.2065,2.2556946,99.24755,0.030711588,209.61711,1.2728735e-05,0.0,0.0,93.948555,0.0,18.63818,0.0,123.29184,0.0,13.543523,0.0,0.16353513,0.0,0.0,0.0,0.08122708,0.0,249.51836,0.0,31.670496,0.0,0.6356836,0.0,0.0,0.0,0.13218345,0.0,7.7877874,0.0,0.0,0.0,0.0,0.0,0.0,0.0,21.529013,0.0,0.0,0.0,86.75386,0.0,0.0,0.0,0.0,0.0,1374.7258,0.0
13014.415,0.0014973822,16315.813,391.424,642.0747,4.571601,3325.9822,14.639865,95.35986,0.0,524.7178,0.08390373,0.0,0.0,351.60532,1.17640745e-07,3535.9304,0.048666753,523.732,0.08219078,2193.0945,2.2354546,98.468445,0.029305045,206.37749,1.3332622e-05,0.0,0.0,93.218025,0.0,18.22483,0.0,121.64513,0.0,13.099178,0.0,0.16241443,0.0,0.0,0.0,0.06835305,0.0,250.9869,0.0,30.883718,0.0,0.46298176,0.0,0.0,0.0,0.16657358,0.0,7.844628,0.0,0.0,0.0,0.0,0.0,0.0,0.0,21.765507,0.0,0.0,0.0,86.12104,0.0,0.0,0.0,0.0,0.0,1373.8768,0.0
13015.102,0.0014895333,16320.501,391.4332,643.6436,4.5676837,3332.658,14.628034,93.4994,0.0,524.991,0.0839446,0.0,0.0,347.66214,7.842716e-08,3539.3777,0.048551716,526.02045,0.08378914,2198.45,2.2193794,98.74246,0.031622496,206.49344,1.4093368e-05,0.0,0.0,92.560135,0.0,18.599455,0.0,123.90751,0.0,13.394102,0.0,0.14810124,0.0,0.0,0.0,0.07746528,0.0,251.73466,0.0,31.394844,0.0,0.5629919,0.0,0.0,0.0,0.14678931,0.0,7.8188267,0.0,0.0,0.0,0.0,0.0,0.0,0.0,22.015068,0.0,0.0,0.0,85.480576,0.0,0.0,0.0,0.0,0.0,1377.5342,0.0
12993.558,0.0014840235,16306.18,391.42847,646.26434,4.5660605,3337.8323,14.620414,100.20487,7.842717e-09,523.1996,0.083935864,0.0,0.0,352.87695,1.01955315e-07,3536.9148,0.047442507,527.42834,0.084778346,2199.1191,2.2796323,102.046974,0.029721875,205.2717,1.2744418e-05,0.0,0.0,93.27912,0.0,18.519257,0.0,123.89319,0.0,14.084693,0.0,0.15686838,0.0,0.0,0.0,0.09589645,0.0,250.6653,0.0,32.33251,0.0,0.6342684,0.0,0.0,0.0,0.17636181,0.0,7.6181016,0.0,0.0064219935,0.0,0.0,0.0,0.0,0.0,22.28694,0.0,0.0,0.0,86.26136,0.0,0.0,0.0,0.0,0.0,1372.5375,0.0
13083.684,0.0014390625,16381.616,391.4396,646.4767,4.5713515,3349.5183,14.638146,97.50999,0.0,526.8816,0.08391697,0.0,0.0,350.54617,3.921358e-08,3551.158,0.048327185,525.8929,0.08336775,2205.0557,2.2144647,101.09192,0.02974804,207.33621,1.2658139e-05,0.0,0.0,94.11148,0.0,18.478096,0.0,122.88682,0.0,13.905718,0.0,0.1552207,0.0,0.0,0.0,0.059387095,0.0,253.19196,0.0,31.658037,0.0,0.6335623,0.0,0.0,0.0,0.10381882,0.0,7.8535976,0.0,0.012244495,0.0,0.0,0.0,0.0,0.0,21.87388,0.0,0.0,0.0,86.22471,0.0,0.0,0.0,0.0,0.0,1374.3602,0.0
13107.924,0.00150613,16408.98,391.42938,648.2209,4.5702868,3360.0098,14.61818,95.612366,0.0,522.20807,0.083915025,0.0,0.0,347.88705,7.058445e-08,3557.491,0.04779976,527.2875,0.08406324,2208.8833,2.2542257,98.74447,0.02724445,204.74797,1.2320914e-05,0.0,0.0,91.82915,0.0,18.766968,0.0,123.468155,0.0,13.459452,0.0,0.15767753,0.0,0.0,0.0,0.05314161,0.0,251.88019,0.0,31.092764,0.0,0.7146977,0.0,0.0,0.0,0.16060579,0.0,7.5680285,0.0,0.016610071,0.0,0.0,0.0,0.0,0.0,22.023315,0.0,0.0,0.0,86.62363,0.0,0.0,0.0,0.0,0.0,1374.3287,0.0
13042.39,0.0014787256,16354.301,391.42017,647.9362,4.5678077,3347.442,14.635829,95.90855,0.0,525.57745,0.08393959,0.0,0.0,352.93707,7.842716e-08,3547.8308,0.04852683,528.1755,0.08503326,2202.9834,2.22016,99.2063,0.03044941,206.76761,1.30424405e-05,0.0,0.0,93.86412,0.0,18.873232,0.0,124.68096,0.0,13.543881,0.0,0.12878089,0.0,0.0,0.0,0.12258135,0.0,252.32411,0.0,31.354322,0.0,0.6572885,0.0,0.0,0.0,0.101843566,0.0,7.6011457,0.0,0.013872867,0.0,0.0,0.0,0.0,0.0,22.106668,0.0,0.0,0.0,86.8474,0.0,0.0,0.0,0.0,0.0,1373.3727,0.0
13081.02,0.0014758104,16384.459,391.40518,646.3327,4.5743747,3343.0933,14.627571,96.65168,0.0,525.84515,0.08387808,0.0,0.0,349.57776,3.1370867e-08,3554.4663,0.048528913,527.54834,0.0860466,2202.189,2.231747,100.54453,0.027424896,206.4751,1.2877733e-05,0.0,0.0,93.42551,0.0,18.559557,0.0,123.87658,0.0,13.972645,0.0,0.120317,0.0,0.0,0.0,0.08633237,0.0,251.22101,0.0,31.220741,0.0,0.5789481,0.0,0.0,0.0,0.09618098,0.0,7.862201,0.0,0.007970873,0.0,0.0,0.0,0.0,0.0,21.856407,0.0,0.0,0.0,86.27937,0.0,0.0,0.0,0.0,0.0,1372.046,0.0
13052.208,0.0014964029,16362.654,391.40576,645.83777,4.5727997,3346.7244,14.636015,99.99015,0.0,524.6526,0.083929904,0.0,0.0,351.46442,3.1370867e-08,3548.997,0.048650146,526.4383,0.08322731,2203.8525,2.2195425,101.50248,0.028025579,205.93994,1.2273849e-05,0.0,0.0,93.49923,0.0,18.457361,0.0,123.62827,0.0,14.38308,0.0,0.117944315,0.0,0.0,0.0,0.10789551,0.0,253.21606,0.0,32.081726,0.0,0.5058598,0.0,0.0,0.0,0.13770646,0.0,7.725965,0.0,0.0,0.0,0.0,0.0,0.0,0.0,21.973585,0.0,0.0,0.0,87.63863,0.0,0.0,0.0,0.0,0.0,1374.2374,0.0
13126.402,0.0015040829,16429.268,391.3949,650.0415,4.5695286,3365.8596,14.636737,96.635666,0.0,525.54553,0.08394662,0.0,0.0,350.23257,8.626988e-08,3565.1338,0.048749086,529.1324,0.0838388,2213.959,2.2367296,100.756134,0.030300932,206.62724,1.2132682e-05,0.0,0.0,92.39282,0.0,19.011705,0.0,124.71204,0.0,14.213018,0.0,0.11499472,0.0,0.0,0.0,0.09538495,0.0,254.70149,0.0,31.954348,0.0,0.5480202,0.0,0.0,0.0,0.103143625,0.0,7.863476,0.0,0.01816067,0.0,0.0,0.0,0.0,0.0,21.973345,0.0,0.0,0.0,85.83934,0.0,0.0,0.0,0.0,0.0,1374.5907,0.0
13093.191,0.0014750717,16393.95,391.3875,646.7585,4.570511,3356.149,14.6212225,95.61869,0.0,525.479,0.083921954,0.0,0.0,349.7198,1.5685433e-08,3555.368,0.04899583,527.2888,0.08365492,2207.772,2.2740917,99.49084,0.02764595,206.38202,1.3348304e-05,0.0,0.0,92.822655,0.0,18.613945,0.0,124.237686,0.0,13.611302,0.0,0.13805759,0.0,0.0,0.0,0.07715257,0.0,253.67458,0.0,31.445187,0.0,0.6277121,0.0,0.0,0.0,0.101415634,0.0,7.5852976,0.0,0.005515521,0.0,0.0,0.0,0.0,0.0,22.055752,0.0,0.0,0.0,86.74462,0.0,0.0,0.0,0.0,0.0,1376.0537,0.0
13102.364,0.002737582,16398.645,391.3983,646.71204,4.5726275,3343.3784,14.6262045,93.42109,1.5685433e-08,529.6469,0.08387268,0.0,0.0,350.2666,8.626988e-08,3556.1086,0.047533892,527.5266,0.08428291,2203.182,2.2391365,99.40626,0.030333698,207.96667,1.2454238e-05,0.0,0.0,93.4795,0.0,18.807768,0.0,124.028275,0.0,14.064401,0.0,0.21441142,0.0,0.0,0.0,0.05594124,0.0,253.14407,0.0,31.493979,0.0,0.7881026,0.0,0.0,0.0,0.0310456,0.0,7.7464986,0.0,0.0,0.0,0.0,0.0,0.0,0.0,22.135065,0.0,0.0,0.0,86.02147,0.0,0.0,0.0,0.0,0.0,1375.7645,0.0
13110.093,0.0015165997,16410.79,391.38345,649.99457,4.573526,3348.3464,14.623311,92.14402,6.2741734e-08,524.877,0.08396432,0.0,0.0,346.08533,3.1370867e-08,3559.7793,0.048824765,529.598,0.081280515,2207.136,2.274604,98.78692,0.03128246,206.51257,1.3395363e-05,0.0,0.0,91.69412,0.0,18.528215,0.0,125.731186,0.0,13.803541,0.0,0.14344475,0.0,0.0,0.0,0.04002031,0.0,254.57828,0.0,31.31323,0.0,0.7043274,0.0,0.0,0.0,0.022252189,0.0,7.7822595,0.0,0.007782019,0.0,0.0,0.0,0.0,0.0,21.816454,0.0,0.0,0.0,85.126175,0.0,0.0,0.0,0.0,0.0,1374.1532,0.0
13127.727,0.001473351,16425.059,391.45718,650.9349,4.57577,3357.3354,14.63398,94.050385,0.0,527.27673,0.0839201,0.0,0.0,353.69885,7.058444e-08,3564.6875,0.048004054,530.1855,0.08244545,2208.258,2.2218668,99.75391,0.031429473,207.78778,1.2728726e-05,0.0,0.0,93.90696,0.0,18.898434,0.0,124.673195,0.0,14.176308,0.0,0.17664057,0.0,0.0,0.0,0.0866542,0.0,253.20337,0.0,30.767561,0.0,0.9125983,0.0,0.0,0.0,0.14162107,0.0,7.8953724,0.0,0.0067965398,0.0,0.0,0.0,0.0,0.0,21.921322,0.0,0.0,0.0,86.08969,0.0,0.0,0.0,0.0,0.0,1374.7671,0.0
13119.061,0.0015607219,16426.795,391.3991,651.9732,4.566942,3365.5283,14.63402,96.850975,0.0,526.1486,0.083990484,0.0,0.0,355.61386,9.411259e-08,3564.6562,0.04751107,530.80835,0.08521428,2214.3088,2.2619677,101.05386,0.027432662,206.963,1.4085518e-05,0.0,0.0,93.997345,0.0,18.77877,0.0,125.708466,0.0,14.268663,0.0,0.172954,0.0,0.0,0.0,0.066684715,0.0,254.69084,0.0,31.776762,0.0,0.76976603,0.0,0.0,0.0,0.031151399,0.0,7.777672,0.0,0.0,0.0,0.0,0.0,0.0,0.0,22.254646,0.0,0.0,0.0,87.49041,0.0,0.0,0.0,0.0,0.0,1374.9789,0.0
13137.696,0.0015957936,16437.979,391.4029,650.73645,4.5711613,3361.8064,14.629266,95.510124,0.0,526.12415,0.08392466,0.0,0.0,352.4621,0.0,3565.9539,0.04842412,531.059,0.08984458,2209.4905,2.213776,100.511894,0.030865269,206.61116,1.2297373e-05,0.0,0.0,94.1341,0.0,19.135489,0.0,124.93602,0.0,14.1421175,0.0,0.16449058,0.0,0.0,0.0,0.08022969,0.0,253.93321,0.0,31.718464,0.0,0.5170007,0.0,0.0,0.0,0.058866534,0.0,7.815679,0.0,0.008717775,0.0,0.0,0.0,0.0,0.0,22.092245,0.0,0.0,0.0,87.08612,0.0,0.0,0.0,0.0,0.0,1374.4454,0.0
13143.693,0.001551943,16445.402,391.41528,650.69727,4.5737996,3372.9539,14.621098,95.057785,0.0,527.6768,0.08393268,0.0,0.0,350.85388,1.5685433e-08,3567.996,0.049435467,530.1538,0.08432071,2217.0315,2.2869697,100.29282,0.030513486,206.83673,1.2281688e-05,0.0,0.0,94.20125,0.0,18.922134,0.0,125.45961,0.0,13.973135,0.0,0.09891648,0.0,0.0,0.0,0.0888649,0.0,256.2473,0.0,31.71641,0.0,0.71212727,0.0,0.0,0.0,0.085286304,0.0,7.872287,0.0,0.0,0.0,0.0,0.0,0.0,0.0,22.326544,0.0,0.0,0.0,86.31803,0.0,0.0,0.0,0.0,0.0,1374.109,0.0
13127.507,0.0015581601,16426.834,391.42584,648.58014,4.569242,3353.7976,14.624904,96.04636,0.0,524.60333,0.08385807,0.0,0.0,350.2148,1.5685433e-07,3562.4424,0.048485406,529.01996,0.085157774,2209.708,2.2524397,100.43989,0.02925798,206.48026,1.2226794e-05,0.0,0.0,92.08353,0.0,19.02332,0.0,123.83575,0.0,14.05047,0.0,0.15642415,0.0,0.0,0.0,0.08894525,0.0,255.26657,0.0,31.4207,0.0,0.68588734,0.0,0.0,0.0,0.052870266,0.0,7.923083,0.0,0.0,0.0,0.0,0.0,0.0,0.0,21.818953,0.0,0.0,0.0,87.12245,0.0,0.0,0.0,0.0,0.0,1372.0398,0.0
13114.854,0.0014809839,16420.174,391.42142,649.3003,4.5736337,3359.5571,14.636468,96.88259,0.0,522.6165,0.08390302,0.0,0.0,346.5112,5.4899015e-08,3563.3364,0.04821388,529.4059,0.084540114,2209.2505,2.3179715,100.6622,0.028033717,205.34322,1.3418886e-05,0.0,0.0,90.43548,0.0,18.871943,0.0,123.73793,0.0,13.595635,0.0,0.105825104,0.0,0.0,0.0,0.08569003,0.0,253.56929,0.0,31.786703,0.0,0.47572717,0.0,0.0,0.0,0.13337025,0.0,7.891946,0.0,0.0,0.0,0.0,0.0,0.0,0.0,21.837717,0.0,0.0,0.0,86.70551,0.0,0.0,0.0,0.0,0.0,1373.2767,0.0
13122.771,0.0015081791,16414.158,391.44516,646.9789,4.566811,3346.5527,14.628425,92.94171,0.0,526.37787,0.08395914,0.0,0.0,348.52298,1.5685433e-08,3560.2102,0.048668716,529.5043,0.080771394,2203.2168,2.2659538,98.81066,0.030473514,206.43024,1.2360124e-05,0.0,0.0,93.04148,0.0,19.215633,0.0,124.67005,0.0,13.813067,0.0,0.12038052,0.0,0.0,0.0,0.094738975,0.0,252.72974,0.0,31.03307,0.0,0.47293106,0.0,0.0,0.0,0.041601878,0.0,7.9072475,0.0,0.0,0.0,0.0,0.0,0.0,0.0,22.027716,0.0,0.0,0.0,86.5076,0.0,0.0,0.0,0.0,0.0,1373.0413,0.0
13112.149,0.0014912211,16409.465,391.43384,646.56116,4.5704207,3349.2915,14.631873,94.904915,0.0,523.6886,0.08393982,0.0,0.0,350.82227,0.0,3558.4736,0.048259955,528.2019,0.08218009,2203.7075,2.2324343,99.08923,0.029251808,205.63165,1.2579719e-05,0.0,0.0,92.7112,0.0,19.11262,0.0,123.70216,0.0,13.199684,0.0,0.06869778,0.0,0.0,0.0,0.07016086,0.0,251.69391,0.0,31.505207,0.0,0.55384636,0.0,0.0,0.0,0.06461008,0.0,7.6043673,0.0,0.0,0.0,0.0,0.0,0.0,0.0,21.890936,0.0,0.0,0.0,87.237045,0.0,0.0,0.0,0.0,0.0,1374.1581,0.0
13163.27,0.0014991836,16465.229,391.42938,652.3252,4.570054,3376.9119,14.636368,98.915665,0.0,523.05817,0.08388402,0.0,0.0,344.99496,8.626988e-08,3573.465,0.048205115,531.2032,0.0832937,2217.2952,2.2662973,101.57701,0.029038886,205.58078,1.2618926e-05,0.0,0.0,91.56315,0.0,19.224478,0.0,125.44726,0.0,14.279108,0.0,0.070473395,0.0,0.0,0.0,0.09899211,0.0,255.84145,0.0,32.142258,0.0,0.61914766,0.0,0.0,0.0,0.16113913,0.0,7.75398,0.0,0.0,0.0,0.0,0.0,0.0,0.0,21.721834,0.0,0.0,0.0,86.53493,0.0,0.0,0.0,0.0,0.0,1373.8335,0.0
13126.092,0.0016850341,16424.238,391.40057,651.6772,4.571676,3371.0647,14.629439,93.90997,0.0,521.2779,0.08394227,0.0,0.0,347.74442,7.842717e-09,3562.349,0.048290562,531.35944,0.083399,2213.9043,2.3350098,99.27792,0.028366461,204.9588,1.2611094e-05,0.0,0.0,91.17542,0.0,19.362522,0.0,124.940216,0.0,13.666888,0.0,0.038056687,0.0,0.0,0.0,0.06794433,0.0,253.70241,0.0,31.576889,0.0,0.51535136,0.0,0.0,0.0,0.107355595,0.0,7.885015,0.0,0.0,0.0,0.0,0.0,0.0,0.0,21.732162,0.0,0.0,0.0,87.865204,0.0,0.0,0.0,0.0,0.0,1372.5269,0.0
13141.725,0.0014660513,16448.871,391.4299,651.5018,4.5698977,3373.4805,14.630921,94.60762,0.0,525.6373,0.08394978,0.0,0.0,346.80948,2.352815e-08,3569.318,0.048695836,531.8252,0.08224416,2216.0767,2.2463877,99.80942,0.029643983,206.7822,1.2556189e-05,0.0,0.0,91.04699,0.0,19.11576,0.0,126.68304,0.0,13.994829,0.0,0.043339614,0.0,0.0,0.0,0.095714755,0.0,254.62573,0.0,31.993473,0.0,0.7177121,0.0,0.0,0.0,0.01712412,0.0,7.8051314,0.0,0.0,0.0,0.0,0.0,0.0,0.0,21.761005,0.0,0.0,0.0,86.61587,0.0,0.0,0.0,0.0,0.0,1375.6869,0.0
13138.738,0.002447166,16441.996,391.41916,650.95984,4.56671,3367.2876,14.630756,95.18726,0.0,528.28656,0.08396824,0.0,0.0,352.63058,4.7056297e-08,3568.53,0.047177803,531.3609,0.08292811,2212.984,2.2372603,99.50909,0.028481029,207.9057,1.285421e-05,0.0,0.0,92.72556,0.0,19.022493,0.0,125.871346,0.0,14.070317,0.0,0.10092662,0.0,0.0,0.0,0.055638358,0.0,253.12085,0.0,30.935202,0.0,0.7211708,0.0,0.0,0.0,0.09843194,0.0,7.8432097,0.0,0.0,0.0,0.0,0.0,0.0,0.0,21.849758,0.0,0.0,0.0,87.853584,0.0,0.0,0.0,0.0,0.0,1373.8353,0.0
13140.071,0.0015255653,16441.97,391.4163,651.41565,4.5684266,3377.508,14.627081,96.244705,0.0,527.0574,0.08389866,0.0,0.0,351.53476,5.489902e-08,3567.6423,0.048499558,531.2602,0.08125748,2218.4812,2.2335763,99.69428,0.027886247,208.1318,1.3081649e-05,0.0,0.0,93.530945,0.0,19.330929,0.0,125.59289,0.0,13.920944,0.0,0.056691386,0.0,0.0,0.0,0.04148824,0.0,254.71262,0.0,30.796904,0.0,0.8450558,0.0,0.0,0.0,0.13172297,0.0,7.83254,0.0,0.0,0.0,0.0,0.0,0.0,0.0,21.663715,0.0,0.0,0.0,86.1011,0.0,0.0,0.0,0.0,0.0,1373.5201,0.0
13134.111,0.0015653017,16426.545,391.41537,653.39355,4.5704665,3375.8215,14.634122,93.54159,0.0,526.7346,0.08390809,0.0,0.0,352.1884,4.70563e-08,3561.6887,0.047812868,531.41254,0.083852105,2218.6409,2.313832,99.56019,0.031098664,207.78903,1.2171891e-05,0.0,0.0,93.50657,0.0,19.002346,0.0,125.76322,0.0,14.012579,0.0,0.053233515,0.0,0.0,0.0,0.041972026,0.0,255.56815,0.0,31.414106,0.0,0.6228064,0.0,0.0,0.0,0.11907198,0.0,7.767036,0.0,0.0,0.0,0.0,0.0,0.0,0.0,21.644617,0.0,0.0,0.0,86.726494,0.0,0.0,0.0,0.0,0.0,1373.4194,0.0
13145.503,0.001486136,16445.352,391.4227,653.9142,4.572135,3381.6055,14.638022,93.76811,0.0,527.43616,0.08394221,0.0,0.0,354.1799,1.8822519e-07,3568.067,0.048177063,532.19073,0.08185017,2220.718,2.1998534,98.96475,0.030237332,207.27867,1.33875155e-05,0.0,0.0,94.51441,0.0,19.155468,0.0,126.192245,0.0,13.746356,0.0,0.04748621,0.0,0.0,0.0,0.072420575,0.0,255.75468,0.0,30.164978,0.0,0.58132464,0.0,0.0,0.0,0.09519628,0.0,7.8294826,0.0,0.0,0.0,0.0,0.0,0.0,0.0,21.997648,0.0,0.0,0.0,87.46642,0.0,0.0,0.0,0.0,0.0,1373.5432,0.0
13167.972,0.0015416889,16465.996,391.42288,651.8904,4.572713,3376.7202,14.631255,95.42493,0.0,529.9446,0.08396048,0.0,0.0,351.70828,9.41126e-08,3572.6824,0.047203854,530.8278,0.083988905,2219.2686,2.2503972,100.07357,0.028649328,208.57394,1.3254194e-05,0.0,0.0,93.6313,0.0,19.040956,0.0,125.97316,0.0,14.213973,0.0,0.098941356,0.0,0.0,0.0,0.057513136,0.0,255.34033,0.0,30.999922,0.0,0.8481981,0.0,0.0,0.0,0.11111287,0.0,7.864384,0.0,0.0,0.0,0.0,0.0,0.0,0.0,21.999537,0.0,0.0,0.0,85.33225,0.0,0.0,0.0,0.0,0.0,1374.1731,0.0
13148.178,0.0014849991,16450.225,391.42883,648.79553,4.5664406,3382.634,14.633703,95.00327,0.0,527.90784,0.0838967,0.0,0.0,349.94876,4.7056297e-08,3571.0093,0.049704965,530.5791,0.08620283,2222.9443,2.2619634,99.77756,0.027196445,207.95737,1.279932e-05,0.0,0.0,94.23284,0.0,19.27807,0.0,126.40329,0.0,14.048805,0.0,0.059814796,0.0,0.0,0.0,0.057679553,0.0,256.9272,0.0,31.152891,0.0,0.74284244,0.0,0.0,0.0,0.19294935,0.0,7.8447433,0.0,0.0,0.0,0.0,0.0,0.0,0.0,21.966213,0.0,0.0,0.0,86.07941,0.0,0.0,0.0,0.0,0.0,1373.5719,0.0
13130.764,0.0014744368,16436.133,391.38672,651.8712,4.5735345,3372.8728,14.63964,96.3738,0.0,525.90985,0.08392465,0.0,0.0,354.5113,3.1370867e-08,3566.851,0.04874699,530.6615,0.084013276,2217.5972,2.2625144,100.024536,0.02701633,207.3463,1.3065967e-05,0.0,0.0,94.35022,0.0,19.278097,0.0,125.17331,0.0,13.858853,0.0,0.05548255,0.0,0.0,0.0,0.07566108,0.0,257.00504,0.0,31.390213,0.0,0.72198427,0.0,0.0,0.0,0.2550966,0.0,7.892799,0.0,0.0,0.0,0.0,0.0,0.0,0.0,22.142956,0.0,0.0,0.0,87.6427,0.0,0.0,0.0,0.0,0.0,1374.1743,0.0
13138.092,0.0015181041,16439.549,391.3977,651.8281,4.569403,3377.6646,14.633918,97.73318,0.0,527.3632,0.083936766,0.0,0.0,352.252,7.058444e-08,3565.9368,0.048398744,531.6978,0.08263245,2217.4019,2.213876,100.94498,0.027844546,207.81798,1.3183612e-05,0.0,0.0,93.17525,0.0,19.215385,0.0,126.28623,0.0,13.961411,0.0,0.05876484,0.0,0.0,0.0,0.053191543,0.0,254.74605,0.0,31.045784,0.0,0.65646535,0.0,0.0,0.0,0.15676053,0.0,7.8965073,0.0,0.0,0.0,0.0,0.0,0.0,0.0,21.852467,0.0,0.0,0.0,86.614555,0.0,0.0,0.0,0.0,0.0,1376.0891,0.0
13184.092,0.0014934485,16488.447,391.41724,654.19763,4.571652,3398.2617,14.634716,97.23279,0.0,525.4966,0.08388336,0.0,0.0,349.74097,5.4899015e-08,3579.3362,0.048139777,532.9675,0.08548136,2228.1697,2.221454,101.08112,0.029402217,206.19307,1.2375807e-05,0.0,0.0,92.82225,0.0,19.472437,0.0,126.78574,0.0,13.971299,0.0,0.06339236,0.0,0.0,0.0,0.05799517,0.0,257.52698,0.0,30.979853,0.0,0.7347051,0.0,0.0,0.0,0.13787022,0.0,7.935026,0.0,0.0,0.0,0.0,0.0,0.0,0.0,22.053991,0.0,0.0,0.0,86.71793,0.0,0.0,0.0,0.0,0.0,1375.7289,0.0
13096.239,0.0015193224,16401.576,391.3893,648.4894,4.5721874,3367.5793,14.636017,96.63307,0.0,527.9145,0.08392314,0.0,0.0,353.96176,6.2741734e-08,3558.889,0.048518013,531.188,0.0861471,2213.3713,2.1902232,101.25556,0.03067312,207.75815,1.323851e-05,0.0,0.0,95.17679,0.0,19.680006,0.0,125.48216,0.0,14.144185,0.0,0.070705734,0.0,0.0,0.0,0.056462105,0.0,254.69246,0.0,31.58703,0.0,0.8673481,0.0,0.0,0.0,0.20241466,0.0,8.10914,0.0,0.0055853757,0.0,0.0,0.0,0.0,0.0,22.027996,0.0,0.0,0.0,87.087524,0.0,0.0,0.0,0.0,0.0,1373.8981,0.0
13116.946,0.0014866479,16421.902,391.42218,650.60144,4.5714545,3370.911,14.63478,98.21745,0.0,526.7568,0.0839417,0.0,0.0,350.9218,3.1370867e-08,3565.318,0.04822926,532.7252,0.07985586,2214.7314,2.1892705,100.6969,0.029439231,207.27713,1.2791473e-05,0.0,0.0,93.72242,0.0,19.91823,0.0,125.305664,0.0,14.006701,0.0,0.059161097,0.0,0.0,0.0,0.064080864,0.0,254.48991,0.0,31.21995,0.0,0.7162586,0.0,0.0,0.0,0.20170072,0.0,7.8845596,0.0,0.0,0.0,0.0,0.0,0.0,0.0,21.84588,0.0,0.0,0.0,86.96477,0.0,0.0,0.0,0.0,0.0,1374.8372,0.0
13143.1045,0.0014905995,16446.635,391.39874,651.9578,4.5714054,3385.5544,14.633712,100.381775,0.0,525.4293,0.08394766,0.0,0.0,352.42508,7.842716e-08,3568.124,0.048481517,531.3639,0.0820638,2219.9727,2.244579,101.84419,0.029554702,206.92691,1.3301238e-05,0.0,0.0,93.77795,0.0,19.263937,0.0,125.626015,0.0,14.036892,0.0,0.04288754,0.0,0.0,0.0,0.016833182,0.0,256.17896,0.0,31.870665,0.0,0.64263415,0.0,0.0,0.0,0.10931762,0.0,7.6708484,0.0,0.0,0.0,0.0,0.0,0.0,0.0,21.818398,0.0,0.0,0.0,87.09081,0.0,0.0,0.0,0.0,0.0,1373.1532,0.0
13081.254,0.0015651035,16388.877,391.41507,649.1107,4.5684853,3359.627,14.630384,98.55485,0.0,522.97565,0.08393734,0.0,0.0,352.7176,7.058445e-08,3554.4907,0.04865104,529.99176,0.08290787,2208.0044,2.2670083,101.44342,0.031432696,206.01605,1.2971852e-05,0.0,0.0,92.415245,0.0,19.279886,0.0,124.45044,0.0,13.92761,0.0,0.05461666,0.0,0.0,0.0,0.10821513,0.0,253.1124,0.0,31.350574,0.0,0.6052864,0.0,0.0,0.0,0.034115702,0.0,7.7826514,0.0,0.0,0.0,0.0,0.0,0.0,0.0,21.958918,0.0,0.0,0.0,87.4732,0.0,0.0,0.0,0.0,0.0,1375.5602,0.0
13107.151,0.0015154706,16415.28,391.4292,648.5185,4.571821,3365.6401,14.623154,98.39443,3.1370867e-08,525.7558,0.08392133,0.0,0.0,354.79202,1.882252e-07,3562.6704,0.048280966,530.2712,0.0810704,2211.209,2.2127883,100.81176,0.029954338,206.6217,1.2305221e-05,0.0,0.0,94.20714,0.0,19.709715,0.0,124.489555,0.0,14.031995,0.0,0.051532008,0.0,0.0,0.0,0.08027899,0.0,255.32246,0.0,30.947838,0.0,0.5982368,0.0,0.0,0.0,0.02158181,0.0,7.8041887,0.0,0.0,0.0,0.0,0.0,0.0,0.0,22.142643,0.0,0.0,0.0,87.82999,0.0,0.0,0.0,0.0,0.0,1375.3499,0.0
13044.347,0.0014831858,16354.431,391.4178,649.396,4.574031,3358.1133,14.629123,98.88362,0.0,526.62885,0.08392861,0.0,0.0,350.58734,4.7056297e-08,3548.7056,0.047377754,531.09265,0.0851741,2209.5483,2.1866539,101.9945,0.029688146,207.44461,1.287774e-05,0.0,0.0,93.303314,0.0,19.683897,0.0,124.598885,0.0,14.177326,0.0,0.050055884,0.0,0.0,0.0,0.07064084,0.0,254.84775,0.0,32.207775,0.0,0.5026417,0.0,0.0,0.0,0.021146215,0.0,7.7569156,0.0,0.0,0.0,0.0,0.0,0.0,0.0,21.836773,0.0,0.0,0.0,86.71518,0.0,0.0,0.0,0.0,0.0,1377.041,0.0
13041.225,0.0015067658,16348.394,391.4368,648.3183,4.5719075,3354.2944,14.633369,96.62856,0.0,526.0972,0.08396777,0.0,0.0,349.91946,5.489901e-08,3546.8306,0.04796902,530.8523,0.08513064,2210.3357,2.243183,100.863914,0.031672917,207.20377,1.3065968e-05,0.0,0.0,93.229416,0.0,19.545698,0.0,124.62054,0.0,14.180541,0.0,0.070338875,0.0,0.0,0.0,0.089467056,0.0,255.45187,0.0,31.045544,0.0,0.5714062,0.0,0.0,0.0,0.025024753,0.0,7.989874,0.0,0.0,0.0,0.0,0.0,0.0,0.0,21.831367,0.0,0.0,0.0,85.8388,0.0,0.0,0.0,0.0,0.0,1373.4824,0.0
13075.53,0.0015023028,16378.028,391.4215,642.9953,4.566291,3347.911,14.624308,97.929,0.0,525.29407,0.08389864,0.0,0.0,348.84482,1.4901161e-07,3553.7222,0.049197998,528.4869,0.08303176,2203.9302,2.246527,101.838196,0.02875987,206.92012,1.3316939e-05,0.0,0.0,93.2802,0.0,19.555565,0.0,123.43289,0.0,14.239412,0.0,0.06224774,0.0,0.0,0.0,0.0816161,0.0,252.0995,0.0,31.457952,0.0,0.47573724,0.0,0.0,0.0,0.023953574,0.0,7.814617,0.0,0.0,0.0,0.0,0.0,0.0,0.0,21.904257,0.0,0.0,0.0,86.54004,0.0,0.0,0.0,0.0,0.0,1372.9,0.0
13055.078,0.0015356168,16364.839,391.4047,646.5957,4.572903,3350.2495,14.624779,99.04958,0.0,524.2149,0.08384707,0.0,0.0,351.35358,1.0195531e-07,3551.5728,0.04804189,529.02795,0.08555037,2206.1262,2.2151327,102.27903,0.030575605,206.27837,1.2924797e-05,0.0,0.0,92.74824,0.0,19.397814,0.0,123.39756,0.0,14.268783,0.0,0.06759706,0.0,0.0,0.0,0.08755121,0.0,254.10602,0.0,31.79907,0.0,0.43783286,0.0,0.0,0.0,0.019617863,0.0,7.9884877,0.0,0.0,0.0,0.0,0.0,0.0,0.0,21.917439,0.0,0.0,0.0,87.97836,0.0,0.0,0.0,0.0,0.0,1372.738,0.0
13042.527,0.0015041954,16349.647,391.4201,645.2497,4.5692368,3347.8633,14.630775,97.220894,7.842717e-09,523.47986,0.0839143,0.0,0.0,345.73816,3.1370867e-08,3547.5874,0.04810834,529.1624,0.08450733,2205.4197,2.2196333,101.02482,0.028081832,205.82703,1.2532657e-05,0.0,0.0,91.69277,0.0,19.647457,0.0,123.95471,0.0,14.155001,0.0,0.06978778,0.0,0.0,0.0,0.087272026,0.0,253.60284,0.0,31.48337,0.0,0.560691,0.0,0.0,0.0,0.032458324,0.0,7.7901564,0.0,0.0,0.0,0.0,0.0,0.0,0.0,22.074163,0.0,0.0,0.0,87.13524,0.0,0.0,0.0,0.0,0.0,1371.966,0.0
13004.391,0.0016316064,16313.034,391.43872,639.45996,4.5724306,3345.2983,14.624074,95.36285,0.0,525.5291,0.083931826,0.0,0.0,351.946,9.41126e-08,3537.4949,0.04823334,525.2733,0.08633481,2202.0059,2.2540133,99.528946,0.031288125,207.36938,1.3567907e-05,0.0,0.0,94.05836,0.0,19.233376,0.0,122.59388,0.0,13.872144,0.0,0.08541057,0.0,0.0,0.0,0.064837605,0.0,251.47061,0.0,30.287952,0.0,0.5303908,0.0,0.0,0.0,0.13945371,0.0,7.730938,0.0,0.007926422,0.0,0.0,0.0,0.0,0.0,21.8991,0.0,0.0,0.0,86.890656,0.0,0.0,0.0,0.0,0.0,1375.1229,0.0
13028.628,0.0014886624,16337.269,391.4359,645.60394,4.5717525,3348.1243,14.628353,96.3873,0.0,525.4357,0.08397406,0.0,0.0,348.73755,1.01955315e-07,3543.039,0.04871214,527.7579,0.082206234,2203.1248,2.1889381,101.505936,0.03054271,206.83392,1.2736573e-05,0.0,0.0,91.87518,0.0,19.328173,0.0,122.87252,0.0,14.27438,0.0,0.080913186,0.0,0.0,0.0,0.06692602,0.0,253.48888,0.0,30.762278,0.0,0.46589795,0.0,0.0,0.0,0.093153685,0.0,8.185403,0.0,0.005669922,0.0,0.0,0.0,0.0,0.0,21.80265,0.0,0.0,0.0,86.89339,0.0,0.0,0.0,0.0,0.0,1373.493,0.0
13107.894,0.0015246504,16413.963,391.4167,646.59576,4.569022,3361.6653,14.6326685,100.55579,0.0,526.89594,0.08393509,0.0,0.0,353.42078,1.6469704e-07,3562.567,0.04769861,529.6724,0.08763947,2210.2615,2.235607,102.36402,0.02833173,207.96173,1.3042434e-05,0.0,0.0,92.97154,0.0,19.58569,0.0,123.80859,0.0,14.440808,0.0,0.09347355,0.0,0.0,0.0,0.048451193,0.0,254.29318,0.0,31.01801,0.0,0.59112823,0.0,0.0,0.0,0.101695105,0.0,7.8054333,0.0,0.01449718,0.0,0.0,0.0,0.0,0.0,21.772678,0.0,0.0,0.0,86.89004,0.0,0.0,0.0,0.0,0.0,1374.3936,0.0
13033.843,0.0014551849,16340.996,391.4068,644.75397,4.577023,3337.5674,14.62501,96.48647,0.0,530.1723,0.08395786,0.0,0.0,355.46725,5.489902e-08,3545.2278,0.048398882,528.6807,0.084502645,2200.5042,2.237347,100.59305,0.028761806,208.92535,1.3779654e-05,0.0,0.0,95.327255,0.0,19.39227,0.0,123.58994,0.0,14.001705,0.0,0.09581869,0.0,0.0,0.0,0.09195342,0.0,253.12563,0.0,31.060942,0.0,0.52010715,0.0,0.0,0.0,0.16330174,0.0,7.874848,0.0,0.09400254,0.0,0.0,0.0,0.0,0.0,21.997057,0.0,0.0,0.0,86.73045,0.0,0.0,0.0,0.0,0.0,1375.568,0.0
13109.952,0.001514185,16405.355,391.42798,648.7867,4.5655465,3372.558,14.639834,96.07809,0.0,528.9875,0.08395116,0.0,0.0,353.1486,2.352815e-08,3557.3762,0.046472244,530.30225,0.081488505,2212.7551,2.26756,101.402916,0.02958165,208.53812,1.2462077e-05,0.0,0.0,94.17775,0.0,19.496788,0.0,124.4724,0.0,14.542407,0.0,0.11210213,0.0,0.0,0.0,0.084166415,0.0,253.8658,0.0,31.273613,0.0,0.6316861,0.0,0.0,0.0,0.13231972,0.0,7.9486485,0.0,0.1052071,0.0,0.0,0.0,0.0,0.0,21.890417,0.0,0.0,0.0,85.44915,0.0,0.0,0.0,0.0,0.0,1373.5045,0.0
13070.942,0.0015029119,16377.093,391.41504,650.3537,4.56989,3354.1804,14.635323,97.831215,0.0,525.4165,0.083907336,0.0,0.0,347.809,7.842717e-09,3551.715,0.048178595,529.9672,0.07802688,2207.2158,2.2935386,101.028015,0.029307872,206.69096,1.29483315e-05,0.0,0.0,92.50066,0.0,19.089964,0.0,124.34838,0.0,14.003733,0.0,0.100645766,0.0,0.0,0.0,0.07530928,0.0,254.71088,0.0,31.990683,0.0,0.58094835,0.0,0.0,0.0,0.17655446,0.0,7.6907144,0.0,0.027206974,0.0,0.0,0.0,0.0,0.0,21.679173,0.0,0.0,0.0,85.706375,0.0,0.0,0.0,0.0,0.0,1375.0844,0.0
13004.299,0.0015074774,16306.85,391.41254,646.4376,4.566617,3330.217,14.621666,95.12487,0.0,530.85156,0.08391664,0.0,0.0,359.84973,7.058445e-08,3534.8105,0.048840027,528.87756,0.08150024,2194.9,2.224692,100.47666,0.029791499,209.2798,1.2744413e-05,0.0,0.0,97.0242,0.0,19.51206,0.0,124.10787,0.0,13.924134,0.0,0.11808325,0.0,0.0,0.0,0.0780928,0.0,251.60564,0.0,31.507122,0.0,0.5734427,0.0,0.0,0.0,0.16096285,0.0,7.9859767,0.0,0.0,0.0,0.0,0.0,0.0,0.0,22.221512,0.0,0.0,0.0,85.95941,0.0,0.0,0.0,0.0,0.0,1373.3291,0.0
13095.561,0.0014572015,16400.035,391.43567,645.9783,4.574102,3361.814,14.638652,96.94914,0.0,524.7752,0.08389464,0.0,0.0,351.54886,1.1764075e-07,3559.6057,0.047191434,529.4776,0.08170005,2209.4712,2.2868154,101.6348,0.030736912,206.23145,1.3152238e-05,0.0,0.0,93.473526,0.0,19.377325,0.0,124.008934,0.0,13.926994,0.0,0.1119923,0.0,0.0,0.0,0.06655351,0.0,253.77956,0.0,32.379726,0.0,0.6783515,0.0,0.0,0.0,0.14445728,0.0,7.9647236,0.0,0.020832552,0.0,0.0,0.0,0.0,0.0,22.067942,0.0,0.0,0.0,86.51631,0.0,0.0,0.0,0.0,0.0,1371.6489,0.0
13065.146,0.0014615548,16360.349,391.41672,642.0735,4.5789647,3341.9587,14.639004,93.906494,0.0,529.06525,0.08394407,0.0,0.0,352.47952,7.842716e-08,3547.4182,0.047479745,526.96234,0.08166111,2201.0042,2.2380152,99.3398,0.029819826,208.41623,1.2454232e-05,0.0,0.0,93.3484,0.0,19.229239,0.0,123.154236,0.0,13.631251,0.0,0.13267905,0.0,0.0,0.0,0.078198045,0.0,251.91245,0.0,31.316193,0.0,0.6351744,0.0,0.0,0.0,0.12061697,0.0,7.8900833,0.0,0.0,0.0,0.0,0.0,0.0,0.0,21.948366,0.0,0.0,0.0,86.306885,0.0,0.0,0.0,0.0,0.0,1374.0912,0.0
13156.952,0.0014795639,16457.264,391.41193,650.1571,4.566973,3374.2695,14.620128,98.32485,1.5685433e-08,529.5702,0.08390006,0.0,0.0,356.51306,9.411259e-08,3572.0115,0.049021788,530.82733,0.08384774,2215.3691,2.2471476,100.89372,0.031271666,208.21378,1.3089501e-05,0.0,0.0,94.54127,0.0,19.522026,0.0,124.79528,0.0,13.622465,0.0,0.10286104,0.0,0.0,0.0,0.06160899,0.0,254.02669,0.0,31.782263,0.0,0.76268196,0.0,0.0,0.0,0.10549165,0.0,7.8023815,0.0,0.005717603,0.0,0.0,0.0,0.0,0.0,22.116209,0.0,0.0,0.0,87.93161,0.0,0.0,0.0,0.0,0.0,1371.3392,0.0
13109.037,0.0014872539,16411.533,391.4306,649.66766,4.5784264,3364.2927,14.632162,97.59953,0.0,527.42206,0.08390447,0.0,0.0,351.96912,9.41126e-08,3562.3696,0.048973378,530.47925,0.0864789,2212.7334,2.264051,100.99754,0.031407326,207.14403,1.2250326e-05,0.0,0.0,92.38933,0.0,19.420137,0.0,124.84609,0.0,13.623077,0.0,0.11203887,0.0,0.0,0.0,0.07546905,0.0,254.46992,0.0,31.428764,0.0,0.7635455,0.0,0.0,0.0,0.17692152,0.0,8.023384,0.0,0.005484757,0.0,0.0,0.0,0.0,0.0,22.144854,0.0,0.0,0.0,87.013336,0.0,0.0,0.0,0.0,0.0,1375.0271,0.0
13119.559,0.0015263291,16413.822,391.4189,646.8269,4.572272,3362.9636,14.6348,95.67156,0.0,528.1289,0.0839424,0.0,0.0,351.03525,9.411259e-08,3562.9004,0.047966696,530.0474,0.08615166,2209.9011,2.2782934,100.52662,0.027061265,207.49379,1.2681666e-05,0.0,0.0,93.62278,0.0,19.60634,0.0,124.05108,0.0,13.72108,0.0,0.101627916,0.0,0.0,0.0,0.076794535,0.0,254.21631,0.0,31.553925,0.0,0.67878217,0.0,0.0,0.0,0.12421656,0.0,7.858628,0.0,0.007842512,0.0,0.0,0.0,0.0,0.0,22.015234,0.0,0.0,0.0,86.41161,0.0,0.0,0.0,0.0,0.0,1374.4808,0.0
13083.718,0.0014544684,16394.826,391.40598,647.3166,4.568271,3357.596,14.635026,102.76893,0.0,527.4893,0.0838915,0.0,0.0,350.8051,1.9606792e-07,3558.8972,0.048438445,530.2937,0.08547629,2211.1719,2.2850325,103.19959,0.030534184,207.61842,1.325419e-05,0.0,0.0,92.81803,0.0,19.603418,0.0,124.2282,0.0,14.145597,0.0,0.074601665,0.0,0.0,0.0,0.056715086,0.0,257.3624,0.0,32.331528,0.0,0.5753514,0.0,0.0,0.0,0.12608957,0.0,7.7601204,0.0,0.045717176,0.0,0.0,0.0,0.0,0.0,22.215866,0.0,0.0,0.0,86.865685,0.0,0.0,0.0,0.0,0.0,1372.8145,0.0
13149.89,0.0014640403,16455.027,391.40677,651.6162,4.575856,3381.0835,14.628202,100.87605,0.0,530.08453,0.083937,0.0,0.0,354.43295,5.489902e-08,3572.691,0.047639336,532.05945,0.08521489,2222.4048,2.304552,103.29389,0.030871313,208.77286,1.3662012e-05,0.0,0.0,94.15529,0.0,19.478355,0.0,125.34881,0.0,14.375424,0.0,0.07242863,0.0,0.0,0.0,0.07655574,0.0,257.3963,0.0,33.30238,0.0,0.66076493,0.0,0.0,0.0,0.13420595,0.0,7.695892,0.0,0.010176672,0.0,0.0,0.0,0.0,0.0,21.957727,0.0,0.0,0.0,87.139114,0.0,0.0,0.0,0.0,0.0,1375.6702,0.0
13148.603,0.0014975325,16460.453,391.41794,652.75934,4.572082,3380.5444,14.631902,99.1084,0.0,524.18365,0.083908536,0.0,0.0,349.38562,5.489902e-08,3575.3545,0.04878129,533.69653,0.08235841,2221.5989,2.205808,102.340454,0.030521996,206.03067,1.32620335e-05,0.0,0.0,91.92221,0.0,20.026579,0.0,124.901146,0.0,14.248064,0.0,0.082273476,0.0,0.0,0.0,0.074911855,0.0,258.1248,0.0,32.824425,0.0,0.55858004,0.0,0.0,0.0,0.15454121,0.0,7.688975,0.0,0.0,0.0,0.0,0.0,0.0,0.0,21.966393,0.0,0.0,0.0,87.72023,0.0,0.0,0.0,0.0,0.0,1373.0823,0.0
13099.407,0.001508696,16405.717,391.43277,652.04944,4.5681,3365.0244,14.639475,101.627464,0.0,528.85754,0.08393374,0.0,0.0,353.82428,6.2741734e-08,3562.9346,0.048774082,532.7375,0.083017185,2211.6704,2.2565873,102.87987,0.029914131,208.40878,1.36620165e-05,0.0,0.0,93.79023,0.0,19.927658,0.0,124.557236,0.0,14.053602,0.0,0.10019815,0.0,0.0,0.0,0.06943647,0.0,253.14241,0.0,32.322014,0.0,0.59567946,0.0,0.0,0.0,0.20977676,0.0,7.736562,0.0,0.018525757,0.0,0.0,0.0,0.0,0.0,21.967047,0.0,0.0,0.0,86.27438,0.0,0.0,0.0,0.0,0.0,1373.2894,0.0
13102.597,0.0014953653,16404.771,391.406,646.695,4.5700674,3346.781,14.632569,102.12664,0.0,526.15796,0.08398916,0.0,0.0,349.60556,3.1370867e-08,3561.323,0.04789776,528.9708,0.08136788,2204.0251,2.281444,103.15765,0.029865768,206.91882,1.2250322e-05,0.0,0.0,92.3919,0.0,19.603542,0.0,123.651276,0.0,14.149015,0.0,0.097774334,0.0,0.0,0.0,0.038497716,0.0,251.3537,0.0,32.430405,0.0,0.5917892,0.0,0.0,0.0,0.0837316,0.0,7.9051976,0.0,0.008837735,0.0,0.0,0.0,0.0,0.0,21.88617,0.0,0.0,0.0,87.19758,0.0,0.0,0.0,0.0,0.0,1374.9082,0.0
13115.545,0.0014825639,16414.441,391.42914,650.40015,4.5761666,3369.1296,14.640223,100.12096,0.0,527.08954,0.08384734,0.0,0.0,340.40552,3.1370867e-08,3563.398,0.048303235,532.3577,0.0836987,2215.2053,2.267107,101.96165,0.027697902,207.36018,1.2673831e-05,0.0,0.0,90.05156,0.0,20.039192,0.0,125.14819,0.0,13.956859,0.0,0.10632271,0.0,0.0,0.0,0.08296992,0.0,254.34044,0.0,32.2688,0.0,0.58581,0.0,0.0,0.0,0.17414989,0.0,7.7885094,0.0,0.017285977,0.0,0.0,0.0,0.0,0.0,21.876724,0.0,0.0,0.0,85.85142,0.0,0.0,0.0,0.0,0.0,1375.0753,0.0
13103.52,0.0020486617,16402.623,391.416,647.4575,4.5722933,3359.7048,14.629289,97.39961,0.0,527.01135,0.08392112,0.0,0.0,351.06018,7.058445e-08,3559.8027,0.048252854,529.6257,0.08034739,2208.581,2.296963,101.329025,0.03218058,207.5001,1.2493447e-05,0.0,0.0,93.21133,0.0,19.420036,0.0,124.14549,0.0,14.080644,0.0,0.09141534,0.0,0.0,0.0,0.061456375,0.0,252.47455,0.0,31.724142,0.0,0.75941384,0.0,0.0,0.0,0.17302859,0.0,7.7806954,0.0,0.0,0.0,0.0,0.0,0.0,0.0,22.015697,0.0,0.0,0.0,85.86067,0.0,0.0,0.0,0.0,0.0,1371.9056,0.0
13111.526,0.0014993185,16415.941,391.42538,645.7874,4.5710697,3350.9592,14.627803,101.492836,0.0,526.19006,0.08393327,0.0,0.0,353.16135,3.921358e-08,3564.6965,0.04749463,529.0548,0.080414526,2206.5422,2.2387357,103.17365,0.028462524,207.1307,1.2979693e-05,0.0,0.0,92.80348,0.0,19.440046,0.0,123.1439,0.0,14.489115,0.0,0.106427595,0.0,0.0,0.0,0.08559893,0.0,252.31451,0.0,32.08854,0.0,0.6516978,0.0,0.0,0.0,0.3631788,0.0,7.7517996,0.0,0.0060791983,0.0,0.0,0.0,0.0,0.0,22.041225,0.0,0.0,0.0,87.2237,0.0,0.0,0.0,0.0,0.0,1372.6669,0.0
13038.065,0.0014932798,16343.346,391.40125,645.933,4.5729113,3343.4434,14.626415,99.23045,0.0,524.08966,0.08395593,0.0,0.0,351.55603,2.352815e-08,3546.4192,0.0473967,528.4259,0.07951567,2202.2202,2.2416525,101.10813,0.027856834,206.25139,1.2367962e-05,0.0,0.0,92.415596,0.0,19.521715,0.0,123.79649,0.0,13.915593,0.0,0.07835947,0.0,0.0,0.0,0.080013454,0.0,251.21803,0.0,32.26674,0.0,0.56434333,0.0,0.0,0.0,0.26193494,0.0,7.624985,0.0,0.0,0.0,0.0,0.0,0.0,0.0,21.88884,0.0,0.0,0.0,87.784355,0.0,0.0,0.0,0.0,0.0,1373.2155,0.0
13113.026,0.0014534837,16418.693,391.41492,651.4999,4.573152,3358.231,14.624482,98.821945,0.0,523.663,0.08389312,0.0,0.0,347.51926,9.411259e-08,3566.9692,0.049748875,532.92957,0.08258547,2211.9067,2.2867007,101.96381,0.0291461,206.41164,1.25875595e-05,0.0,0.0,91.13576,0.0,19.966135,0.0,125.954636,0.0,14.263716,0.0,0.09074278,0.0,0.0,0.0,0.08810106,0.0,254.14395,0.0,32.140667,0.0,0.5392752,0.0,0.0,0.0,0.22106029,0.0,7.662745,0.0,0.0,0.0,0.0,0.0,0.0,0.0,21.679344,0.0,0.0,0.0,87.26011,0.0,0.0,0.0,0.0,0.0,1372.3699,0.0
13024.117,0.0015052721,16331.153,391.42368,644.51416,4.5739055,3323.9448,14.625649,99.821976,0.0,526.1546,0.08388892,0.0,0.0,348.96878,3.1370867e-08,3544.0325,0.048432983,529.4444,0.08453585,2196.4233,2.2726436,101.942505,0.029118137,206.798,1.2815e-05,0.0,0.0,91.990685,0.0,19.654951,0.0,125.08782,0.0,14.118167,0.0,0.07302491,0.0,0.0,0.0,0.06274507,0.0,251.50214,0.0,31.635517,0.0,0.56995314,0.0,0.0,0.0,0.14188689,0.0,7.806545,0.0,0.026050007,0.0,0.0,0.0,0.0,0.0,22.143618,0.0,0.0,0.0,87.08719,0.0,0.0,0.0,0.0,0.0,1374.2856,0.0
13050.059,0.0018110357,16356.518,391.43137,646.3323,4.572836,3330.669,14.631353,98.684944,0.0,527.06525,0.08399562,0.0,0.0,349.71097,1.5685433e-08,3551.3499,0.048881933,530.16797,0.08905873,2199.513,2.2257998,102.960815,0.029049387,206.78067,1.2454232e-05,0.0,0.0,92.22308,0.0,19.71045,0.0,124.496666,0.0,14.5204115,0.0,0.070196964,0.0,0.0,0.0,0.06291967,0.0,251.06847,0.0,31.229212,0.0,0.64656097,0.0,0.0,0.0,0.15194367,0.0,8.095307,0.0,0.0,0.0,0.0,0.0,0.0,0.0,22.090473,0.0,0.0,0.0,86.183426,0.0,0.0,0.0,0.0,0.0,1375.298,0.0
13065.133,0.0015362437,16372.927,391.40933,648.9017,4.5746603,3347.915,14.624888,99.57437,0.0,526.2818,0.08394135,0.0,0.0,350.384,7.058445e-08,3554.9844,0.04888308,530.54785,0.08079862,2205.2368,2.1965513,102.343765,0.030019235,207.09886,1.4046311e-05,0.0,0.0,92.61153,0.0,19.506735,0.0,123.85617,0.0,14.09248,0.0,0.07227461,0.0,0.0,0.0,0.07575388,0.0,252.79538,0.0,31.636858,0.0,0.6073441,0.0,0.0,0.0,0.16103491,0.0,7.903696,0.0,0.0054740366,0.0,0.0,0.0,0.0,0.0,21.812523,0.0,0.0,0.0,86.76218,0.0,0.0,0.0,0.0,0.0,1372.8834,0.0
12995.25,0.0015318121,16311.731,391.4344,647.2893,4.577716,3337.157,14.637721,97.81807,7.842717e-09,524.77014,0.08395413,0.0,0.0,344.6815,1.5685433e-08,3540.7808,0.04900663,528.3814,0.08055138,2201.4363,2.2526977,101.20268,0.027838953,206.41736,1.1866028e-05,0.0,0.0,91.49914,0.0,19.177973,0.0,123.69784,0.0,13.872909,0.0,0.087030225,0.0,0.0,0.0,0.08003417,0.0,252.86935,0.0,31.51058,0.0,0.5638018,0.0,0.0,0.0,0.16658223,0.0,7.971418,0.0,0.0063635977,0.0,0.0,0.0,0.0,0.0,21.889475,0.0,0.0,0.0,86.862206,0.0,0.0,0.0,0.0,0.0,1373.7943,0.0
13111.478,0.0015153103,16420.932,391.42175,650.3509,4.5706167,3364.044,14.637759,99.994286,0.0,525.7668,0.08395097,0.0,0.0,347.14575,3.921358e-08,3568.86,0.048598085,531.8965,0.082890004,2213.6482,2.2611532,102.38146,0.030656833,206.66447,1.2226796e-05,0.0,0.0,92.09126,0.0,19.399416,0.0,125.47971,0.0,13.908909,0.0,0.07577704,0.0,0.0,0.0,0.078289695,0.0,255.27153,0.0,31.643665,0.0,0.6489485,0.0,0.0,0.0,0.17474434,0.0,7.8476257,0.0,0.005356257,0.0,0.0,0.0,0.0,0.0,22.137617,0.0,0.0,0.0,86.319496,0.0,0.0,0.0,0.0,0.0,1376.2936,0.0
13073.998,0.0014828473,16375.203,391.42627,647.94214,4.569796,3337.4368,14.63079,96.58776,0.0,526.1882,0.08388754,0.0,0.0,350.89612,6.274173e-08,3554.1614,0.048796877,530.0062,0.086424425,2199.6394,2.266228,100.55108,0.026008833,207.14642,1.29012615e-05,0.0,0.0,92.295555,0.0,19.105267,0.0,124.48318,0.0,13.906673,0.0,0.08949741,0.0,0.0,0.0,0.08266897,0.0,250.06677,0.0,31.2864,0.0,0.4893176,0.0,0.0,0.0,0.16063398,0.0,7.825349,0.0,0.00591584,0.0,0.0,0.0,0.0,0.0,22.04436,0.0,0.0,0.0,87.16228,0.0,0.0,0.0,0.0,0.0,1375.5454,0.0
13095.776,0.0016518247,16399.75,391.4306,648.986,4.573745,3358.619,14.631102,99.086426,0.0,528.46893,0.08390246,0.0,0.0,356.29236,3.921358e-08,3558.8638,0.048424944,528.26917,0.07800453,2212.0898,2.3011045,102.08793,0.033915993,208.51099,1.2611083e-05,0.0,0.0,94.130325,0.0,18.771208,0.0,124.98175,0.0,13.98245,0.0,0.08643076,0.0,0.0,0.0,0.06671296,0.0,254.08939,0.0,32.081726,0.0,0.7136255,0.0,0.0,0.0,0.34680694,0.0,7.9115996,0.0,0.0,0.0,0.0,0.0,0.0,0.0,21.731455,0.0,0.0,0.0,86.96606,0.0,0.0,0.0,0.0,0.0,1373.9581,0.0
13069.185,0.0018702637,16383.238,391.3991,649.56445,4.573158,3370.8445,14.636172,100.92661,0.0,524.63916,0.08395276,0.0,0.0,352.27246,5.489902e-08,3556.0366,0.04854973,530.1998,0.08182716,2214.495,2.2449932,102.57715,0.029119631,206.54964,1.3340465e-05,0.0,0.0,92.5249,0.0,19.211891,0.0,125.03774,0.0,14.127864,0.0,0.07635155,0.0,0.0,0.0,0.068608925,0.0,254.89775,0.0,31.760479,0.0,0.6864359,0.0,0.0,0.0,0.14648321,0.0,7.8388953,0.0,0.0,0.0,0.0,0.0,0.0,0.0,21.976833,0.0,0.0,0.0,87.45496,0.0,0.0,0.0,0.0,0.0,1373.6814,0.0
13079.828,0.0015027778,16385.23,391.39645,648.67725,4.5738616,3349.134,14.623656,101.64561,0.0,526.1454,0.08389186,0.0,0.0,353.534,3.1370867e-08,3557.309,0.04894474,530.89215,0.08586596,2205.0054,2.2012901,102.54241,0.030383369,207.69337,1.3693385e-05,0.0,0.0,93.433655,0.0,19.619173,0.0,124.1951,0.0,13.988228,0.0,0.07309691,0.0,0.0,0.0,0.053153098,0.0,253.176,0.0,31.824081,0.0,0.6797073,0.0,0.0,0.0,0.06677957,0.0,7.705746,0.0,0.00891495,0.0,0.0,0.0,0.0,0.0,21.764858,0.0,0.0,0.0,88.61734,0.0,0.0,0.0,0.0,0.0,1375.8317,0.0
13052.498,0.0014942101,16363.179,391.41623,648.00464,4.571467,3330.0266,14.629685,101.54663,0.0,527.36145,0.08392538,0.0,0.0,356.29947,6.2741734e-08,3550.1343,0.047930185,529.393,0.08356361,2196.0105,2.214344,103.255005,0.02769518,208.18126,1.2893433e-05,0.0,0.0,94.10692,0.0,19.23493,0.0,123.460884,0.0,14.24975,0.0,0.072455555,0.0,0.0,0.0,0.06500027,0.0,251.38483,0.0,32.217243,0.0,0.6625933,0.0,0.0,0.0,0.07918963,0.0,7.8683286,0.0,0.0054744463,0.0,0.0,0.0,0.0,0.0,21.776804,0.0,0.0,0.0,87.12201,0.0,0.0,0.0,0.0,0.0,1376.3618,0.0
13031.876,0.0015432346,16341.613,391.4389,646.6072,4.5714216,3332.2124,14.628761,97.15094,0.0,524.3979,0.083948456,0.0,0.0,350.71887,7.058444e-08,3545.6917,0.04847504,526.81177,0.082518816,2198.5396,2.24073,100.62302,0.02896489,206.57196,1.255619e-05,0.0,0.0,92.57768,0.0,18.751413,0.0,123.36286,0.0,13.301671,0.0,0.07150976,0.0,0.0,0.0,0.09428931,0.0,251.08537,0.0,31.647655,0.0,0.6580183,0.0,0.0,0.0,0.10954732,0.0,7.9393463,0.0,0.0,0.0,0.0,0.0,0.0,0.0,21.63174,0.0,0.0,0.0,87.24995,0.0,0.0,0.0,0.0,0.0,1371.6483,0.0
13137.203,0.0014599254,16454.6,391.41382,654.2265,4.570382,3374.767,14.629186,107.598045,0.0,528.8356,0.083857164,0.0,0.0,352.60193,4.70563e-08,3574.5544,0.0487009,532.5454,0.08640854,2218.334,2.2732832,105.02766,0.029610964,208.22043,1.3042439e-05,0.0,0.0,93.9988,0.0,19.390905,0.0,125.7364,0.0,14.09479,0.0,0.0653336,0.0,0.0,0.0,0.08464028,0.0,255.23544,0.0,32.629517,0.0,0.6238518,0.0,0.0,0.0,0.11091524,0.0,7.916799,0.0,0.0053130845,0.0,0.0,0.0,0.0,0.0,22.030811,0.0,0.0,0.0,86.9481,0.0,0.0,0.0,0.0,0.0,1371.0465,0.0
13098.253,0.0014793756,16411.277,391.40903,652.2466,4.5728345,3355.33,14.635117,101.71889,0.0,522.3091,0.08389936,0.0,0.0,349.08115,1.1764074e-07,3562.8713,0.048413116,530.3653,0.08198389,2208.2952,2.2001266,102.90325,0.028516632,205.50743,1.1952296e-05,0.0,0.0,92.07523,0.0,19.015543,0.0,124.675644,0.0,13.977686,0.0,0.05574441,0.0,0.0,0.0,0.07403947,0.0,253.14388,0.0,32.508118,0.0,0.47178504,0.0,0.0,0.0,0.09582159,0.0,7.8078713,0.0,0.013868894,0.0,0.0,0.0,0.0,0.0,21.806356,0.0,0.0,0.0,88.265915,0.0,0.0,0.0,0.0,0.0,1371.843,0.0
13078.875,0.0014724284,16397.666,391.44452,655.8282,4.567711,3352.1055,14.63023,104.30357,0.0,524.67993,0.0839698,0.0,0.0,348.15756,9.411259e-08,3559.918,0.0488337,532.4978,0.08367626,2208.8213,2.2657382,103.27356,0.028295645,207.00201,1.2509141e-05,0.0,0.0,91.20998,0.0,19.304745,0.0,125.3916,0.0,13.686702,0.0,0.06762299,0.0,0.0,0.0,0.06672174,0.0,253.95537,0.0,32.267338,0.0,0.5249326,0.0,0.0,0.0,0.06464452,0.0,7.913463,0.0,0.014488006,0.0,0.0,0.0,0.0,0.0,21.659678,0.0,0.0,0.0,87.49578,0.0,0.0,0.0,0.0,0.0,1373.8278,0.0
13121.834,0.0015149538,16434.521,391.41364,655.2755,4.5703073,3361.0684,14.634428,106.68337,0.0,523.15894,0.08392827,0.0,0.0,350.92297,6.2741734e-08,3569.1611,0.048107997,532.1219,0.080580905,2212.8792,2.2295322,105.34902,0.032087073,205.99466,1.24307035e-05,0.0,0.0,92.68865,0.0,19.34459,0.0,125.30144,0.0,14.156229,0.0,0.07999101,0.0,0.0,0.0,0.0645875,0.0,253.35593,0.0,32.472065,0.0,0.62883645,0.0,0.0,0.0,0.06734739,0.0,7.9956164,0.0,0.013073057,0.0,0.0,0.0,0.0,0.0,21.737452,0.0,0.0,0.0,88.14182,0.0,0.0,0.0,0.0,0.0,1374.0669,0.0
13172.362,0.0015149293,16472.727,391.4161,655.82947,4.5729566,3366.0017,14.6296,100.187996,0.0,527.137,0.08397921,0.0,0.0,353.87482,5.4899015e-08,3576.4968,0.048877213,531.70416,0.087775454,2214.2153,2.2557986,102.3239,0.032288037,207.66896,1.3120866e-05,0.0,0.0,93.51533,0.0,19.201977,0.0,125.19701,0.0,13.698289,0.0,0.07002576,0.0,0.0,0.0,0.07406053,0.0,253.25548,0.0,31.650148,0.0,0.5796073,0.0,0.0,0.0,0.112450294,0.0,7.957115,0.0,0.0,0.0,0.0,0.0,0.0,0.0,22.012585,0.0,0.0,0.0,87.70312,0.0,0.0,0.0,0.0,0.0,1374.654,0.0
13115.731,0.0014845574,16434.494,391.42392,656.08887,4.567108,3367.6514,14.632838,103.48935,7.842717e-09,526.8552,0.08388477,0.0,0.0,351.29666,7.842716e-08,3569.6025,0.048892785,531.6442,0.08183382,2215.5732,2.271407,102.812675,0.02756268,207.4126,1.2477756e-05,0.0,0.0,93.06202,0.0,18.988497,0.0,124.89773,0.0,13.744554,0.0,0.08891713,0.0,0.0,0.0,0.052149978,0.0,254.5747,0.0,31.094973,0.0,0.5677251,0.0,0.0,0.0,0.09391641,0.0,8.056902,0.0,0.006667476,0.0,0.0,0.0,0.0,0.0,21.934582,0.0,0.0,0.0,86.932106,0.0,0.0,0.0,0.0,0.0,1375.2211,0.0
13154.497,0.0014603664,16466.9,391.4072,656.85876,4.5695295,3375.613,14.623937,107.43973,0.0,527.3079,0.08390668,0.0,0.0,355.66528,7.058445e-08,3576.4097,0.04808744,532.3145,0.0838884,2217.5273,2.2078981,104.947914,0.028880844,207.4699,1.2830688e-05,0.0,0.0,93.448494,0.0,18.991081,0.0,125.3198,0.0,13.718165,0.0,0.08025119,0.0,0.0,0.0,0.06985245,0.0,255.42485,0.0,32.089508,0.0,0.6710101,0.0,0.0,0.0,0.08451599,0.0,8.125292,0.0,0.0147712175,0.0,0.0,0.0,0.0,0.0,21.963615,0.0,0.0,0.0,87.85622,0.0,0.0,0.0,0.0,0.0,1373.4272,0.0
13176.767,0.0014973485,16484.469,391.42584,656.97644,4.5684547,3392.142,14.627189,103.66902,0.0,524.5756,0.083892375,0.0,0.0,348.58652,7.842716e-08,3579.4731,0.048070762,532.6065,0.08597463,2225.61,2.2206955,103.50579,0.027348367,206.46124,1.2328744e-05,0.0,0.0,91.94343,0.0,18.964336,0.0,126.47756,0.0,13.721933,0.0,0.08732326,0.0,0.0,0.0,0.0687002,0.0,256.07513,0.0,31.73907,0.0,0.73021054,0.0,0.0,0.0,0.10833901,0.0,7.92475,0.0,0.0,0.0,0.0,0.0,0.0,0.0,21.835669,0.0,0.0,0.0,86.50135,0.0,0.0,0.0,0.0,0.0,1373.4976,0.0
13147.595,0.0014798893,16452.553,391.41238,654.2258,4.5678325,3366.4875,14.625528,102.59564,0.0,526.70496,0.08390263,0.0,0.0,353.68085,1.0195531e-07,3572.7336,0.048427854,530.8174,0.081777886,2212.9993,2.30135,103.0675,0.027584108,207.18466,1.2987535e-05,0.0,0.0,93.3518,0.0,18.907331,0.0,125.69504,0.0,13.556387,0.0,0.08341606,0.0,0.0,0.0,0.09561233,0.0,254.05385,0.0,31.638958,0.0,0.69083905,0.0,0.0,0.0,0.1212045,0.0,7.9041495,0.0,0.013590114,0.0,0.0,0.0,0.0,0.0,21.975378,0.0,0.0,0.0,87.40809,0.0,0.0,0.0,0.0,0.0,1374.2583,0.0
13129.185,0.0014822533,16441.752,391.3955,653.32385,4.57235,3378.6484,14.631864,100.53135,0.0,525.54675,0.08393248,0.0,0.0,347.193,5.489901e-08,3570.0645,0.048077054,530.6548,0.08634183,2218.5215,2.2446487,102.37227,0.02822736,206.53865,1.3481625e-05,0.0,0.0,92.27935,0.0,18.786709,0.0,125.27342,0.0,13.619492,0.0,0.07326548,0.0,0.0,0.0,0.085470356,0.0,255.14217,0.0,31.038776,0.0,0.6991902,0.0,0.0,0.0,0.10305066,0.0,8.1219225,0.0,0.017181179,0.0,0.0,0.0,0.0,0.0,21.925682,0.0,0.0,0.0,87.16016,0.0,0.0,0.0,0.0,0.0,1377.9227,0.0
13146.711,0.001536062,16450.604,391.39658,652.15295,4.5720925,3378.7932,14.638438,104.88191,0.0,524.5166,0.0839089,0.0,0.0,351.33926,5.489902e-08,3572.005,0.048264153,529.8985,0.08238015,2218.9294,2.247237,104.57267,0.027909206,206.40128,1.232091e-05,0.0,0.0,92.906456,0.0,18.533638,0.0,124.750656,0.0,14.006361,0.0,0.074708454,0.0,0.0,0.0,0.08959462,0.0,253.98729,0.0,31.86448,0.0,0.65760887,0.0,0.0,0.0,0.10918618,0.0,8.018304,0.0,0.015155595,0.0,0.0,0.0,0.0,0.0,22.077045,0.0,0.0,0.0,86.978386,0.0,0.0,0.0,0.0,0.0,1375.6252,0.0
13144.966,0.0014682404,16456.232,391.38977,655.0558,4.572605,3380.067,14.62519,105.75251,0.0,524.8311,0.083937384,0.0,0.0,353.28372,3.1370867e-08,3573.1826,0.048503496,531.7098,0.080758825,2219.5598,2.2338889,104.441925,0.027439615,206.53026,1.2830683e-05,0.0,0.0,92.54558,0.0,18.948633,0.0,126.06984,0.0,13.692779,0.0,0.088698246,0.0,0.0,0.0,0.08717639,0.0,256.15973,0.0,31.975037,0.0,0.64485264,0.0,0.0,0.0,0.14943333,0.0,7.925592,0.0,0.0054898933,0.0,0.0,0.0,0.0,0.0,21.92745,0.0,0.0,0.0,87.02806,0.0,0.0,0.0,0.0,0.0,1373.3002,0.0
13095.737,0.0014697732,16402.533,391.3862,650.8733,4.572044,3351.907,14.628622,102.49487,0.0,525.46185,0.08387049,0.0,0.0,350.7856,3.921358e-08,3560.0906,0.047957927,529.48486,0.084080644,2204.6013,2.237178,102.74292,0.029643554,207.02687,1.3748282e-05,0.0,0.0,92.75692,0.0,18.68243,0.0,123.92601,0.0,13.677688,0.0,0.0814171,0.0,0.0,0.0,0.09276569,0.0,252.65341,0.0,30.772682,0.0,0.7199717,0.0,0.0,0.0,0.1186345,0.0,7.955623,0.0,0.008988517,0.0,0.0,0.0,0.0,0.0,22.001652,0.0,0.0,0.0,86.78956,0.0,0.0,0.0,0.0,0.0,1373.3909,0.0
13166.095,0.0015151856,16469.16,391.41977,654.59924,4.570109,3377.231,14.638677,104.302315,0.0,527.41986,0.08385054,0.0,0.0,354.21497,6.2741734e-08,3574.8528,0.049102496,531.15045,0.08205059,2214.5693,2.2319388,103.41895,0.030165385,207.64995,1.2603243e-05,0.0,0.0,94.06813,0.0,18.783693,0.0,123.85827,0.0,13.850635,0.0,0.085827604,0.0,0.0,0.0,0.10226854,0.0,253.82755,0.0,30.928644,0.0,0.7565868,0.0,0.0,0.0,0.1387096,0.0,8.108866,0.0,0.008649043,0.0,0.0,0.0,0.0,0.0,21.947205,0.0,0.0,0.0,87.149,0.0,0.0,0.0,0.0,0.0,1375.4806,0.0
13178.137,0.0014839226,16485.318,391.42044,655.342,4.5759006,3383.0671,14.648465,101.79254,0.0,528.2244,0.08390032,0.0,0.0,350.4491,2.352815e-08,3579.6382,0.048547648,531.95593,0.08682597,2219.4468,2.316881,102.40398,0.028888756,208.19849,1.3011066e-05,0.0,0.0,93.551254,0.0,18.854023,0.0,125.15184,0.0,13.510356,0.0,0.05992299,0.0,0.0,0.0,0.11032575,0.0,254.37997,0.0,31.050991,0.0,0.68940556,0.0,0.0,0.0,0.108022295,0.0,8.000484,0.0,0.0,0.0,0.0,0.0,0.0,0.0,21.908892,0.0,0.0,0.0,86.58954,0.0,0.0,0.0,0.0,0.0,1375.0447,0.0
13105.165,0.0014748018,16422.998,391.41806,654.1918,4.5728154,3360.0515,14.6393585,101.90381,0.0,525.8154,0.08390116,0.0,0.0,351.41193,8.626988e-08,3565.2107,0.04807578,531.42206,0.08315229,2211.1074,2.246147,102.566124,0.026964713,206.98206,1.3254199e-05,0.0,0.0,92.56466,0.0,19.021948,0.0,124.38374,0.0,13.562552,0.0,0.060830396,0.0,0.0,0.0,0.08877528,0.0,254.5603,0.0,31.866795,0.0,0.5803461,0.0,0.0,0.0,0.16630876,0.0,8.024094,0.0,0.0,0.0,0.0,0.0,0.0,0.0,21.964403,0.0,0.0,0.0,87.2045,0.0,0.0,0.0,0.0,0.0,1374.0122,0.0
13073.182,0.0014732395,16392.111,391.43518,653.55054,4.57036,3363.5244,14.644864,104.67817,0.0,525.56824,0.083864495,0.0,0.0,352.98392,7.058445e-08,3562.0789,0.048225254,532.07434,0.08182501,2214.3218,2.21386,104.1734,0.029198172,206.52737,1.26032455e-05,0.0,0.0,93.4337,0.0,19.203674,0.0,125.28732,0.0,14.005097,0.0,0.0660428,0.0,0.0,0.0,0.09396619,0.0,255.15498,0.0,31.698566,0.0,0.6388264,0.0,0.0,0.0,0.16695227,0.0,8.103728,0.0,0.0,0.0,0.0,0.0,0.0,0.0,21.943325,0.0,0.0,0.0,86.80692,0.0,0.0,0.0,0.0,0.0,1374.6322,0.0
13140.048,0.0014767378,16438.059,391.3943,648.91895,4.5694394,3348.3228,14.630368,102.128624,0.0,526.0256,0.08390581,0.0,0.0,352.00394,4.7056297e-08,3566.6807,0.047628403,527.82556,0.08486408,2206.794,2.2492018,103.876526,0.030364567,206.82133,1.2838534e-05,0.0,0.0,94.264404,0.0,18.695734,0.0,123.478806,0.0,13.891095,0.0,0.07681358,0.0,0.0,0.0,0.09107408,0.0,254.79991,0.0,31.562693,0.0,0.6541563,0.0,0.0,0.0,0.13391905,0.0,8.208227,0.0,0.006371574,0.0,0.0,0.0,0.0,0.0,21.918743,0.0,0.0,0.0,86.51482,0.0,0.0,0.0,0.0,0.0,1373.8263,0.0
13114.361,0.0014929132,16420.059,391.40796,655.62854,4.5719037,3357.7292,14.638331,100.570656,0.0,529.47705,0.083884664,0.0,0.0,352.6849,7.8427156e-08,3565.213,0.048395313,532.60785,0.08222362,2208.7183,2.235187,102.66032,0.032974273,208.60048,1.3214979e-05,0.0,0.0,95.111595,0.0,19.26875,0.0,124.726,0.0,13.783662,0.0,0.059176616,0.0,0.0,0.0,0.08885558,0.0,252.0211,0.0,31.399546,0.0,0.69667864,0.0,0.0,0.0,0.1710917,0.0,7.961169,0.0,0.0063705775,0.0,0.0,0.0,0.0,0.0,21.74119,0.0,0.0,0.0,86.13967,0.0,0.0,0.0,0.0,0.0,1371.6005,0.0
13134.7,0.0015552718,16439.406,391.44333,653.8839,4.573065,3364.8938,14.630934,101.88388,0.0,528.8855,0.08393809,0.0,0.0,354.27686,5.4899015e-08,3569.7778,0.048013967,531.3434,0.0826334,2213.3594,2.2631009,102.92026,0.028402762,208.47083,1.23365935e-05,0.0,0.0,95.06613,0.0,18.850462,0.0,125.263214,0.0,13.64564,0.0,0.055909388,0.0,0.0,0.0,0.12573658,0.0,253.9378,0.0,30.649853,0.0,0.63360286,0.0,0.0,0.0,0.22485028,0.0,8.050977,0.0,0.010215823,0.0,0.0,0.0,0.0,0.0,21.845003,0.0,0.0,0.0,86.68738,0.0,0.0,0.0,0.0,0.0,1374.3378,0.0
13132.971,0.0014466997,16433.914,391.41052,650.0252,4.5667963,3351.631,14.635117,101.03812,0.0,526.58136,0.08390937,0.0,0.0,350.76004,3.1370867e-08,3567.405,0.048626218,528.0866,0.08507761,2205.6067,2.2482245,102.159134,0.028380325,206.91228,1.3183605e-05,0.0,0.0,93.07508,0.0,18.652483,0.0,123.78717,0.0,13.5688925,0.0,0.061159614,0.0,0.0,0.0,0.13647124,0.0,252.27196,0.0,30.729958,0.0,0.68209255,0.0,0.0,0.0,0.13355224,0.0,8.011878,0.0,0.0,0.0,0.0,0.0,0.0,0.0,22.236923,0.0,0.0,0.0,86.54537,0.0,0.0,0.0,0.0,0.0,1370.6603,0.0
13120.173,0.001523646,16435.244,391.42145,653.0844,4.569679,3370.0354,14.633387,103.53012,0.0,527.04364,0.08389452,0.0,0.0,354.00107,4.70563e-08,3568.6895,0.047861546,530.08655,0.08422786,2214.5986,2.2586071,103.485664,0.02977322,207.19238,1.2422865e-05,0.0,0.0,94.45297,0.0,18.626196,0.0,125.09778,0.0,13.684598,0.0,0.052898373,0.0,0.0,0.0,0.12912096,0.0,255.53247,0.0,31.793762,0.0,0.62559056,0.0,0.0,0.0,0.25112107,0.0,8.006086,0.0,0.0,0.0,0.0,0.0,0.0,0.0,22.022047,0.0,0.0,0.0,86.5923,0.0,0.0,0.0,0.0,0.0,1371.0531,0.0
13130.769,0.0014895058,16444.555,391.40683,657.3695,4.5676274,3378.0583,14.632346,105.06473,0.0,525.0768,0.083965294,0.0,0.0,350.04495,1.0195531e-07,3571.2468,0.048185248,531.74243,0.084933646,2219.1108,2.2260704,104.23117,0.029073104,206.71167,1.2469917e-05,0.0,0.0,92.920364,0.0,18.78458,0.0,126.49759,0.0,13.775214,0.0,0.06356401,0.0,0.0,0.0,0.09294496,0.0,256.37436,0.0,31.74478,0.0,0.47106233,0.0,0.0,0.0,0.18426415,0.0,8.170896,0.0,0.0,0.0,0.0,0.0,0.0,0.0,21.775682,0.0,0.0,0.0,86.19218,0.0,0.0,0.0,0.0,0.0,1374.4219,0.0
13119.009,0.00149883,16422.31,391.41702,655.87024,4.5732965,3350.438,14.634509,101.353455,0.0,527.3255,0.08387569,0.0,0.0,349.8865,7.842717e-09,3563.084,0.04831173,530.6644,0.08374562,2204.144,2.2666726,102.336716,0.034707267,207.02815,1.3128707e-05,0.0,0.0,92.716225,0.0,18.797913,0.0,124.27228,0.0,13.496157,0.0,0.064895324,0.0,0.0,0.0,0.1286577,0.0,252.92795,0.0,31.83504,0.0,0.6677305,0.0,0.0,0.0,0.19328654,0.0,8.031464,0.0,0.0,0.0,0.0,0.0,0.0,0.0,21.959368,0.0,0.0,0.0,87.1581,0.0,0.0,0.0,0.0,0.0,1373.0253,0.0
13102.834,0.0015118615,16408.469,391.40094,650.94684,4.5714197,3351.616,14.63462,105.464645,0.0,526.55286,0.083889164,0.0,0.0,353.46036,7.842716e-08,3561.7231,0.04805599,529.36743,0.08645777,2205.428,2.2365584,103.43295,0.02797251,207.49416,1.3434578e-05,0.0,0.0,93.399635,0.0,18.797323,0.0,124.138466,0.0,13.452629,0.0,0.064854816,0.0,0.0,0.0,0.10456571,0.0,252.88159,0.0,31.510452,0.0,0.5673222,0.0,0.0,0.0,0.1776624,0.0,8.032935,0.0,0.0,0.0,0.0,0.0,0.0,0.0,22.04004,0.0,0.0,0.0,87.66389,0.0,0.0,0.0,0.0,0.0,1373.2008,0.0
13085.245,0.0015024524,16394.371,391.42578,653.45044,4.574568,3360.5874,14.637694,102.06921,0.0,526.17395,0.08394017,0.0,0.0,350.8325,6.2741734e-08,3558.745,0.04811789,531.28973,0.082493015,2211.2832,2.2298436,102.598694,0.030994615,207.46045,1.3513002e-05,0.0,0.0,93.60371,0.0,18.913456,0.0,125.78036,0.0,13.594908,0.0,0.070252135,0.0,0.0,0.0,0.11962484,0.0,254.41684,0.0,31.425148,0.0,0.56587523,0.0,0.0,0.0,0.15554556,0.0,7.730857,0.0,0.0,0.0,0.0,0.0,0.0,0.0,21.783941,0.0,0.0,0.0,86.619255,0.0,0.0,0.0,0.0,0.0,1376.058,0.0
13190.607,0.0014698616,16500.41,391.4119,659.50195,4.5668783,3382.425,14.626564,105.43993,0.0,526.55164,0.08390127,0.0,0.0,355.05002,7.842717e-09,3583.596,0.049052514,533.6036,0.08768424,2221.3523,2.2272077,104.21551,0.029198367,207.26231,1.2791476e-05,0.0,0.0,93.05863,0.0,18.977652,0.0,126.674675,0.0,13.641424,0.0,0.020352874,0.0,0.0,0.0,0.0,0.0,255.707,0.0,31.755852,0.0,0.5354365,0.0,0.0,0.0,0.15630123,0.0,7.824245,0.0,0.0,0.0,0.0,0.0,0.0,0.0,21.923111,0.0,0.0,0.0,88.345436,0.0,0.0,0.0,0.0,0.0,1373.2355,0.0
13156.064,0.0016888587,16462.637,391.42017,657.2291,4.5723534,3380.6855,14.638686,101.835976,0.0,524.6885,0.083961636,0.0,0.0,348.08737,3.921358e-08,3572.5037,0.04859815,531.97406,0.07953175,2219.0745,2.1851907,101.978745,0.028520701,206.4539,1.2187577e-05,0.0,0.0,91.76768,0.0,18.99885,0.0,126.58614,0.0,13.25728,0.0,0.023655504,0.0,0.0,0.0,0.0,0.0,255.40349,0.0,31.149065,0.0,0.62041104,0.0,0.0,0.0,0.14397047,0.0,7.7424707,0.0,0.0,0.0,0.0,0.0,0.0,0.0,22.097347,0.0,0.0,0.0,86.74296,0.0,0.0,0.0,0.0,0.0,1372.192,0.0
13114.102,0.0014900223,16428.002,391.3996,654.3083,4.5757685,3371.0198,14.63492,102.65329,0.0,527.02386,0.083905675,0.0,0.0,350.29358,3.921358e-08,3567.0989,0.048486788,531.0945,0.08443983,2217.1016,2.2364933,102.570366,0.029238485,207.50069,1.2595407e-05,0.0,0.0,92.667046,0.0,18.83165,0.0,125.65899,0.0,13.674089,0.0,0.03568866,0.0,0.0,0.0,0.0,0.0,256.07132,0.0,31.625725,0.0,0.39254156,0.0,0.0,0.0,0.16803038,0.0,7.702974,0.0,0.0,0.0,0.0,0.0,0.0,0.0,21.874222,0.0,0.0,0.0,87.57493,0.0,0.0,0.0,0.0,0.0,1375.8948,0.0
13166.161,0.0016211342,16472.87,391.42514,655.25037,4.5706515,3374.5176,14.625682,103.70373,0.0,527.87854,0.0838939,0.0,0.0,353.95535,2.352815e-08,3577.5974,0.04834804,531.6157,0.08315188,2217.538,2.2396252,102.9993,0.030338876,208.31506,1.3411042e-05,0.0,0.0,93.46104,0.0,19.031628,0.0,125.63769,0.0,13.530808,0.0,0.026422173,0.0,0.0,0.0,0.0,0.0,254.23885,0.0,31.547295,0.0,0.4917973,0.0,0.0,0.0,0.19112892,0.0,7.821482,0.0,0.0,0.0,0.0,0.0,0.0,0.0,21.8006,0.0,0.0,0.0,87.425674,0.0,0.0,0.0,0.0,0.0,1371.9764,0.0
13119.671,0.0015068948,16430.691,391.40573,656.9153,4.5684223,3365.2576,14.626851,101.76828,0.0,527.45715,0.08395135,0.0,0.0,354.373,7.8427156e-08,3565.103,0.048198324,532.0721,0.08004078,2212.3398,2.2137802,101.516045,0.029035112,207.81998,1.242286e-05,0.0,0.0,93.290016,0.0,18.878654,0.0,125.6339,0.0,13.178013,0.0,0.05380107,0.0,0.0,0.0,0.006002503,0.0,254.12764,0.0,30.849545,0.0,0.4846927,0.0,0.0,0.0,0.17406978,0.0,7.6080403,0.0,0.014421159,0.0,0.0,0.0,0.0,0.0,21.937883,0.0,0.0,0.0,88.07804,0.0,0.0,0.0,0.0,0.0,1374.6759,0.0
13124.243,0.0015456137,16429.143,391.40604,651.09875,4.5706987,3365.9478,14.638476,101.59246,0.0,525.67413,0.08391582,0.0,0.0,352.78558,4.7056297e-08,3566.2524,0.048188064,530.2879,0.084741354,2212.4094,2.2826567,102.3125,0.029838115,206.7167,1.2948323e-05,0.0,0.0,92.67531,0.0,18.806028,0.0,124.915146,0.0,13.68866,0.0,0.072779596,0.0,0.0,0.0,0.031839814,0.0,253.87389,0.0,31.440428,0.0,0.48176983,0.0,0.0,0.0,0.3374271,0.0,7.700071,0.0,0.0,0.0,0.0,0.0,0.0,0.0,22.08423,0.0,0.0,0.0,87.64692,0.0,0.0,0.0,0.0,0.0,1375.4778,0.0
13191.214,0.0014653908,16493.416,391.39264,653.44775,4.572147,3377.7117,14.641122,102.09333,0.0,526.3775,0.08392972,0.0,0.0,354.1973,5.489901e-08,3581.2104,0.048118293,530.8156,0.084565744,2217.5818,2.32983,101.89711,0.029403603,207.61029,1.2454239e-05,0.0,0.0,92.13375,0.0,18.957838,0.0,124.71062,0.0,13.432387,0.0,0.050657056,0.0,0.0,0.0,0.014290837,0.0,254.55717,0.0,31.127851,0.0,0.43655413,0.0,0.0,0.0,0.21507812,0.0,7.7810507,0.0,0.005799199,0.0,0.0,0.0,0.0,0.0,21.81577,0.0,0.0,0.0,87.529236,0.0,0.0,0.0,0.0,0.0,1375.1888,0.0
13193.669,0.0014907622,16502.338,391.4301,653.9849,4.572451,3379.75,14.629514,102.605385,0.0,526.9736,0.08394898,0.0,0.0,354.73108,8.626988e-08,3582.1477,0.047897857,530.93353,0.083911486,2216.4583,2.269107,102.22266,0.026908275,207.95784,1.30816525e-05,0.0,0.0,94.0465,0.0,18.85434,0.0,124.62524,0.0,13.494139,0.0,0.052016214,0.0,0.0,0.0,0.006092446,0.0,253.07968,0.0,30.73337,0.0,0.48204115,0.0,0.0,0.0,0.14644852,0.0,7.695112,0.0,0.016954213,0.0,0.0,0.0,0.0,0.0,21.867737,0.0,0.0,0.0,87.31939,0.0,0.0,0.0,0.0,0.0,1372.9354,0.0
13222.352,0.0014836402,16519.59,391.4501,654.2038,4.5717254,3384.8474,14.629371,99.76782,0.0,526.9976,0.08395089,0.0,0.0,351.6485,4.7056297e-08,3586.5645,0.04828898,531.1282,0.08150049,2221.2595,2.2364354,100.88487,0.027976595,207.41867,1.3285554e-05,0.0,0.0,92.81111,0.0,19.045485,0.0,124.304955,0.0,13.373972,0.0,0.020393282,0.0,0.0,0.0,0.0,0.0,255.5661,0.0,30.514578,0.0,0.5248063,0.0,0.0,0.0,0.06294375,0.0,7.754392,0.0,0.011330418,0.0,0.0,0.0,0.0,0.0,21.768864,0.0,0.0,0.0,87.25874,0.0,0.0,0.0,0.0,0.0,1374.1647,0.0
13127.722,0.0014812317,16432.957,391.40002,655.19855,4.569336,3357.1943,14.634406,102.80781,0.0,528.60486,0.08394391,0.0,0.0,355.13477,1.411689e-07,3568.0369,0.048298392,532.90344,0.08522739,2209.8716,2.2904053,102.101776,0.028920935,208.17491,1.3269879e-05,0.0,0.0,94.36495,0.0,19.26522,0.0,125.57304,0.0,13.316199,0.0,0.05827055,0.0,0.0,0.0,0.005891476,0.0,253.52129,0.0,31.229984,0.0,0.5056407,0.0,0.0,0.0,0.16456226,0.0,7.6953945,0.0,0.008857607,0.0,0.0,0.0,0.0,0.0,22.057753,0.0,0.0,0.0,88.11762,0.0,0.0,0.0,0.0,0.0,1376.4923,0.0
13076.3545,0.0015138561,16389.107,391.41132,648.822,4.570208,3344.0298,14.620553,103.20023,0.0,528.17017,0.083920695,0.0,0.0,349.75455,5.4899015e-08,3557.546,0.047827918,529.6209,0.08191803,2204.0127,2.1937907,102.86796,0.028940141,207.7991,1.2964008e-05,0.0,0.0,92.74688,0.0,18.948708,0.0,123.387825,0.0,13.944459,0.0,0.073318526,0.0,0.0,0.0,0.012829472,0.0,254.04367,0.0,30.808294,0.0,0.6649626,0.0,0.0,0.0,0.20291793,0.0,7.800326,0.0,0.011976433,0.0,0.0,0.0,0.0,0.0,21.838047,0.0,0.0,0.0,85.68762,0.0,0.0,0.0,0.0,0.0,1375.3304,0.0
13125.13,0.0015045576,16440.938,391.45923,655.99805,4.572064,3358.2935,14.638114,104.267044,0.0,526.04535,0.083926745,0.0,0.0,350.04178,1.2548347e-07,3570.5405,0.04964989,532.58575,0.08435218,2210.5945,2.2537925,102.99666,0.031176383,206.61584,1.2462076e-05,0.0,0.0,91.97194,0.0,18.99076,0.0,124.2843,0.0,13.635194,0.0,0.062349603,0.0,0.0,0.0,0.006796854,0.0,254.82378,0.0,30.691105,0.0,0.6693389,0.0,0.0,0.0,0.16515364,0.0,7.8354654,0.0,0.005449818,0.0,0.0,0.0,0.0,0.0,21.869217,0.0,0.0,0.0,87.43593,0.0,0.0,0.0,0.0,0.0,1375.0438,0.0
